Student_ID,Attendance_Rate,Study_Hours_Per_Week,Previous_Score,Assignment_Completion_Rate,Internal_Assessment_Score,Class_Participation,Parental_Education_Level,Internet_Access,Extra_Curricular,Final_Exam_Score
STU_0001,84.3,15.2,68.3,86.8,65.6,3,Master,Yes,Yes,73.27
STU_0002,81.5,11.4,62.4,81.7,59.8,3,High School,Yes,Yes,69.1
STU_0003,80.2,32.1,53.6,73.6,68.7,2,Bachelor,Yes,Yes,69.39
STU_0004,69.1,12.8,52.9,71.3,53.3,3,High School,Yes,No,57.47
STU_0005,97.1,8.3,73.3,63.8,65.9,3,Master,Yes,Yes,74.36
STU_0006,67.5,21.5,63.0,56.4,54.0,3,Associate,Yes,No,61.92
STU_0007,89.0,13.1,49.8,85.1,48.8,1,Bachelor,Yes,No,65.52
STU_0008,74.7,13.6,98.5,63.0,82.3,1,Associate,Yes,No,77.49
STU_0009,79.9,18.1,52.3,82.5,48.3,2,Associate,Yes,Yes,64.07
STU_0010,91.2,18.4,83.3,43.8,63.4,3,Bachelor,Yes,Yes,74.47
STU_0011,94.4,7.3,47.3,67.2,39.9,4,Master,Yes,Yes,69.58
STU_0012,66.2,11.0,74.4,94.1,57.6,4,High School,Yes,Yes,72.93
STU_0013,82.2,5.7,64.5,90.4,56.2,2,Master,Yes,No,69.72
STU_0014,83.0,15.3,59.2,68.4,60.8,3,Bachelor,Yes,Yes,71.29
STU_0015,61.7,30.2,70.8,77.6,75.3,4,Bachelor,Yes,No,74.36
STU_0016,86.1,7.5,68.9,49.9,57.6,3,Associate,Yes,Yes,63.28
STU_0017,66.2,5.0,56.6,90.5,59.7,3,Associate,Yes,Yes,63.6
STU_0018,75.3,9.0,56.0,52.5,44.9,3,Master,Yes,No,62.6
STU_0019,78.4,11.3,46.0,77.6,64.1,2,Associate,Yes,No,64.8
STU_0020,79.3,18.5,72.3,81.7,66.2,1,Bachelor,Yes,Yes,74.31
STU_0021,68.7,10.7,50.4,47.3,42.9,2,High School,No,Yes,55.23
STU_0022,88.8,15.5,68.1,71.1,57.6,3,High School,Yes,Yes,66.79
STU_0023,58.8,9.8,76.3,97.6,71.2,1,Bachelor,Yes,No,72.02
STU_0024,84.0,11.6,70.9,50.3,54.9,2,Bachelor,Yes,Yes,68.65
STU_0025,73.8,8.1,57.9,62.4,49.2,3,Bachelor,Yes,No,60.36
STU_0026,81.3,6.7,80.7,75.5,62.7,1,High School,No,No,62.14
STU_0027,81.4,18.8,62.3,69.4,59.1,2,Associate,Yes,No,67.56
STU_0028,68.0,10.2,49.3,94.4,53.7,5,Associate,Yes,Yes,59.31
STU_0029,79.7,16.1,64.0,86.4,60.4,1,Associate,Yes,Yes,68.21
STU_0030,78.6,8.1,76.2,79.5,60.7,3,Master,Yes,No,73.1
STU_0031,75.5,12.9,58.6,43.1,55.8,3,Bachelor,Yes,Yes,62.97
STU_0032,73.6,3.3,80.3,75.6,59.7,3,High School,Yes,Yes,55.45
STU_0033,82.4,10.6,57.2,85.2,57.8,3,Master,Yes,Yes,60.81
STU_0034,63.5,8.5,59.1,75.6,47.9,2,Associate,Yes,Yes,52.39
STU_0035,48.3,22.6,53.4,62.2,54.0,4,Bachelor,Yes,Yes,60.89
STU_0036,74.8,6.1,77.6,75.2,54.3,3,High School,Yes,Yes,59.41
STU_0037,78.0,11.9,67.3,75.4,71.1,4,Bachelor,No,No,70.16
STU_0038,96.2,15.2,54.3,58.5,59.8,3,High School,Yes,No,69.38
STU_0039,81.0,21.0,62.5,87.2,69.2,5,Associate,Yes,Yes,81.47
STU_0040,66.0,19.6,30.0,62.7,54.8,4,High School,Yes,Yes,57.29
STU_0041,49.9,12.4,78.9,76.6,71.5,5,High School,Yes,No,71.97
STU_0042,79.0,13.3,65.6,60.7,55.9,3,High School,Yes,No,59.13
STU_0043,94.4,22.6,34.3,92.1,54.4,3,High School,Yes,Yes,64.17
STU_0044,63.4,12.3,47.6,60.4,54.5,4,High School,Yes,No,49.9
STU_0045,71.8,14.1,62.1,55.0,49.1,4,Bachelor,Yes,No,66.98
STU_0046,79.6,23.0,49.6,67.1,48.8,5,High School,Yes,No,71.73
STU_0047,71.8,37.7,79.1,61.1,83.0,3,Bachelor,Yes,No,81.31
STU_0048,89.2,14.7,73.9,91.7,65.1,4,High School,Yes,No,63.05
STU_0049,84.4,16.8,73.0,62.4,50.1,2,Master,Yes,No,63.15
STU_0050,60.5,19.3,31.5,96.1,41.8,3,Master,Yes,Yes,55.02
STU_0051,80.8,22.9,60.6,71.4,60.8,2,High School,Yes,No,59.72
STU_0052,87.4,21.3,58.2,85.2,63.4,3,Bachelor,No,No,63.49
STU_0053,75.1,9.4,54.6,65.2,49.7,5,High School,Yes,Yes,60.1
STU_0054,60.7,15.2,62.2,91.0,74.4,2,Master,Yes,No,72.62
STU_0055,91.4,21.4,52.2,82.0,57.9,3,Bachelor,Yes,Yes,61.46
STU_0056,64.3,25.2,71.0,64.1,70.1,3,High School,Yes,Yes,67.36
STU_0057,68.8,11.9,78.7,95.0,60.4,2,Associate,Yes,Yes,68.25
STU_0058,83.5,15.0,77.5,67.3,65.8,3,High School,Yes,No,64.39
STU_0059,92.6,15.9,66.1,69.7,62.8,3,Associate,Yes,No,70.71
STU_0060,93.3,13.1,96.0,82.2,69.6,2,Bachelor,Yes,Yes,79.25
STU_0061,71.2,14.8,84.0,67.5,63.8,4,Associate,Yes,No,68.36
STU_0062,92.1,3.2,66.6,46.6,51.0,5,Associate,Yes,Yes,58.88
STU_0063,74.2,38.0,61.2,96.1,74.6,2,High School,No,No,73.69
STU_0064,77.0,11.7,86.7,60.3,66.8,2,High School,Yes,No,63.71
STU_0065,71.5,12.1,82.1,53.6,67.1,3,High School,Yes,No,58.05
STU_0066,90.9,4.7,48.3,84.7,58.8,4,Bachelor,Yes,No,64.46
STU_0067,47.2,4.2,83.2,77.0,62.6,3,High School,Yes,Yes,55.07
STU_0068,72.1,16.5,65.8,74.7,72.6,1,Bachelor,Yes,Yes,61.84
STU_0069,91.6,21.4,55.9,80.4,49.2,3,Associate,No,No,63.09
STU_0070,83.3,19.5,40.3,90.7,54.0,5,High School,Yes,Yes,64.33
STU_0071,96.6,8.0,64.2,83.3,55.2,3,Bachelor,Yes,No,63.91
STU_0072,89.5,18.9,67.8,45.8,55.7,3,Associate,Yes,No,67.19
STU_0073,72.6,12.0,90.2,41.0,69.7,5,Associate,Yes,Yes,74.08
STU_0074,89.1,10.5,81.4,89.0,68.2,4,Bachelor,Yes,No,77.58
STU_0075,90.9,5.8,59.8,99.4,44.4,4,Associate,No,No,60.15
STU_0076,60.1,8.6,73.5,84.8,53.5,3,Associate,Yes,No,54.09
STU_0077,71.4,16.7,79.6,70.7,73.2,5,Bachelor,Yes,Yes,82.62
STU_0078,68.4,15.1,69.2,78.2,53.8,4,Bachelor,Yes,Yes,69.98
STU_0079,93.0,14.0,59.8,74.0,61.4,4,High School,Yes,Yes,64.1
STU_0080,96.6,3.1,60.5,80.1,52.1,4,Associate,Yes,No,63.65
STU_0081,96.4,14.1,73.4,82.5,65.1,4,High School,Yes,No,73.74
STU_0082,65.5,9.3,73.8,75.4,61.3,3,High School,Yes,No,62.23
STU_0083,84.9,15.2,63.9,72.5,62.7,3,Bachelor,Yes,Yes,78.26
STU_0084,95.7,23.2,31.3,88.3,43.1,4,Master,Yes,Yes,58.06
STU_0085,71.1,10.1,49.9,68.6,48.1,3,Master,Yes,No,51.99
STU_0086,88.3,13.5,76.7,70.0,58.2,3,High School,Yes,No,57.18
STU_0087,63.5,32.0,38.2,85.8,60.2,2,Associate,Yes,No,63.95
STU_0088,81.6,14.8,84.6,89.9,78.1,4,Bachelor,Yes,No,82.67
STU_0089,82.0,12.7,82.5,88.3,72.4,2,High School,Yes,No,73.54
STU_0090,,8.1,68.6,82.6,63.2,4,Bachelor,Yes,No,67.43
STU_0091,85.2,19.2,76.4,84.5,67.4,3,Bachelor,Yes,No,77.82
STU_0092,75.4,7.3,75.4,67.1,59.3,2,Master,Yes,Yes,65.48
STU_0093,86.3,23.7,66.4,54.9,61.7,3,High School,No,No,67.44
STU_0094,83.4,17.8,48.8,40.4,44.8,3,High School,Yes,No,60.31
STU_0095,43.9,9.5,81.5,86.6,63.6,3,Master,No,Yes,59.15
STU_0096,77.7,8.3,87.7,78.6,66.8,3,Bachelor,No,Yes,67.98
STU_0097,89.8,8.4,51.1,67.3,40.4,1,Master,Yes,Yes,57.58
STU_0098,86.5,4.2,48.2,83.0,35.7,5,High School,Yes,No,61.3
STU_0099,88.2,16.3,66.1,60.3,54.9,1,Bachelor,Yes,Yes,62.25
STU_0100,87.0,3.3,59.2,90.4,56.6,3,Bachelor,Yes,Yes,70.2
STU_0101,73.6,12.3,70.0,26.7,53.3,3,High School,Yes,Yes,51.51
STU_0102,89.3,11.9,84.9,67.1,60.4,3,Associate,Yes,Yes,77.35
STU_0103,78.0,10.8,36.6,97.1,44.2,3,Bachelor,Yes,No,61.37
STU_0104,86.2,16.2,90.1,58.1,76.0,3,High School,Yes,Yes,75.16
STU_0105,,9.5,62.3,97.1,57.2,4,High School,Yes,No,69.7
STU_0106,90.3,14.1,75.2,52.0,52.5,4,Bachelor,No,Yes,63.34
STU_0107,74.0,23.7,76.7,63.3,84.0,2,Associate,Yes,Yes,72.26
STU_0108,81.2,17.2,78.3,67.7,66.9,3,Master,No,Yes,79.27
STU_0109,73.7,10.3,68.9,88.5,55.4,3,Associate,Yes,No,61.98
STU_0110,94.2,12.9,72.1,70.7,63.3,1,High School,Yes,No,69.55
STU_0111,94.5,10.8,72.0,48.8,56.0,3,Doctorate,No,Yes,71.42
STU_0112,70.3,11.8,59.2,93.5,49.8,3,Master,No,No,63.75
STU_0113,58.2,14.3,43.4,82.8,50.4,3,High School,Yes,Yes,57.56
STU_0114,65.9,5.6,50.9,81.4,53.9,4,Bachelor,Yes,No,61.87
STU_0115,41.7,4.8,66.5,79.4,54.2,3,High School,Yes,No,57.8
STU_0116,90.0,7.7,57.0,90.9,42.2,3,High School,Yes,No,60.41
STU_0117,43.5,16.6,57.0,32.8,50.9,1,High School,Yes,No,47.47
STU_0118,62.5,17.7,93.2,79.9,82.5,4,High School,No,No,66.63
STU_0119,79.4,19.1,80.0,91.9,71.4,3,Bachelor,Yes,No,78.94
STU_0120,68.1,7.9,64.5,71.0,51.4,3,Bachelor,Yes,No,64.76
STU_0121,74.2,13.5,77.4,64.7,77.9,4,Doctorate,Yes,No,71.73
STU_0122,46.7,10.4,62.1,76.3,52.3,3,Bachelor,No,No,52.21
STU_0123,86.4,12.0,69.6,48.3,49.1,3,Associate,No,No,59.74
STU_0124,72.6,10.3,74.2,62.8,60.3,3,Bachelor,Yes,No,72.48
STU_0125,67.2,14.7,62.2,95.4,66.4,3,Doctorate,Yes,No,65.89
STU_0126,97.3,8.8,58.4,79.6,57.0,3,Bachelor,Yes,No,70.67
STU_0127,68.4,22.4,85.1,53.6,57.5,3,Bachelor,Yes,Yes,69.42
STU_0128,96.4,22.5,76.6,58.1,64.6,2,Master,Yes,Yes,74.22
STU_0129,66.5,16.3,36.4,85.2,54.7,2,High School,No,Yes,47.75
STU_0130,62.8,21.1,58.6,91.3,66.3,3,Bachelor,No,Yes,62.94
STU_0131,91.4,5.5,57.1,71.4,41.9,4,,Yes,Yes,65.37
STU_0132,66.8,23.0,59.3,80.0,71.2,3,Master,Yes,No,71.22
STU_0133,86.5,15.6,80.1,84.8,77.1,2,High School,Yes,No,77.49
STU_0134,90.7,9.1,68.3,93.0,60.4,4,Associate,Yes,No,65.08
STU_0135,88.5,8.6,48.5,76.9,53.0,4,Bachelor,Yes,Yes,67.12
STU_0136,71.9,26.9,62.6,97.3,83.6,4,High School,Yes,No,79.23
STU_0137,82.0,19.2,75.6,88.3,65.5,3,Bachelor,Yes,No,68.27
STU_0138,84.0,11.9,64.9,51.3,57.1,4,High School,Yes,No,69.32
STU_0139,45.7,5.4,59.0,82.4,64.4,1,Associate,Yes,Yes,57.15
STU_0140,79.7,23.6,72.6,89.0,77.2,2,Associate,Yes,No,79.67
STU_0141,89.9,6.8,90.7,80.4,65.9,2,Bachelor,Yes,No,78.63
STU_0142,92.1,10.5,74.5,72.0,63.7,4,Associate,Yes,No,75.45
STU_0143,89.2,11.8,86.2,38.0,71.0,1,Associate,Yes,No,68.07
STU_0144,79.6,8.6,59.9,71.0,46.7,3,Associate,Yes,No,62.01
STU_0145,89.8,11.6,67.9,70.9,59.0,3,High School,Yes,No,57.34
STU_0146,75.1,12.8,67.6,80.0,60.1,3,High School,Yes,No,66.06
STU_0147,95.6,11.4,69.7,72.1,56.5,4,High School,No,No,71.32
STU_0148,89.6,15.1,74.2,85.5,69.3,2,Bachelor,Yes,No,71.14
STU_0149,76.0,27.4,55.1,43.8,56.5,3,Bachelor,Yes,Yes,70.58
STU_0150,77.5,5.6,77.1,97.2,69.4,4,High School,Yes,Yes,78.68
STU_0151,81.7,13.9,45.2,86.7,58.2,1,High School,Yes,Yes,62.86
STU_0152,83.1,6.8,49.3,94.9,42.9,3,Bachelor,Yes,Yes,64.86
STU_0153,90.3,5.3,97.9,70.2,71.8,4,Associate,No,Yes,66.01
STU_0154,96.2,20.3,60.9,86.1,63.8,5,Master,No,Yes,70.92
STU_0155,72.1,14.5,78.2,81.5,70.1,4,Bachelor,Yes,No,80.26
STU_0156,77.1,5.1,91.8,71.4,68.0,3,Associate,Yes,Yes,75.33
STU_0157,67.1,11.6,35.6,65.0,34.3,3,Associate,Yes,Yes,51.29
STU_0158,68.3,,83.8,68.5,73.6,1,Bachelor,Yes,No,66.72
STU_0159,81.5,3.0,77.1,75.9,70.8,2,High School,Yes,No,66.65
STU_0160,73.7,11.8,91.0,66.0,74.3,2,High School,Yes,No,78.0
STU_0161,74.6,18.1,51.5,98.1,63.4,3,,No,No,60.88
STU_0162,74.5,17.1,88.3,84.2,77.4,4,Bachelor,Yes,Yes,83.92
STU_0163,71.7,10.4,57.6,32.6,50.9,3,Associate,Yes,Yes,58.77
STU_0164,64.8,20.8,82.8,68.9,58.3,3,High School,Yes,Yes,65.01
STU_0165,97.1,24.6,67.5,76.6,68.6,3,Bachelor,Yes,Yes,76.18
STU_0166,72.2,18.2,78.8,71.7,66.2,3,Associate,Yes,Yes,78.44
STU_0167,80.1,9.5,68.7,73.7,59.6,5,Associate,No,No,65.96
STU_0168,86.1,12.0,42.2,52.1,48.1,3,High School,Yes,Yes,52.28
STU_0169,79.3,27.0,30.0,82.2,50.8,3,Bachelor,Yes,Yes,62.26
STU_0170,92.7,10.8,70.9,81.6,60.3,3,Doctorate,Yes,Yes,69.9
STU_0171,72.8,17.2,64.3,62.9,50.8,1,High School,Yes,No,62.83
STU_0172,61.9,8.5,73.6,84.7,62.4,3,Associate,No,Yes,59.99
STU_0173,80.2,20.9,64.5,73.2,67.9,4,High School,Yes,Yes,70.19
STU_0174,61.0,,96.3,88.2,70.8,2,High School,No,Yes,69.55
STU_0175,66.9,12.3,71.2,48.8,45.0,1,Associate,Yes,Yes,48.53
STU_0176,98.0,16.9,61.7,96.3,78.0,2,Bachelor,Yes,Yes,78.12
STU_0177,84.6,29.7,72.7,56.5,72.8,4,Master,Yes,Yes,81.3
STU_0178,69.7,14.4,62.0,67.0,55.6,4,High School,Yes,Yes,60.97
STU_0179,91.2,11.2,69.3,62.1,66.2,3,Bachelor,Yes,No,67.57
STU_0180,62.9,10.7,51.0,62.6,48.5,3,Bachelor,Yes,No,52.36
STU_0181,88.8,20.4,67.9,78.2,74.4,4,Bachelor,Yes,No,79.05
STU_0182,78.5,16.2,61.3,30.3,57.9,4,Associate,Yes,Yes,58.37
STU_0183,87.1,17.9,52.3,89.2,50.7,4,High School,No,Yes,62.29
STU_0184,89.3,26.0,95.7,83.0,89.1,4,Associate,No,Yes,83.66
STU_0185,86.8,13.2,52.8,58.0,59.7,3,Associate,Yes,Yes,61.4
STU_0186,74.0,15.6,68.1,57.0,53.1,3,Bachelor,No,Yes,61.84
STU_0187,68.6,10.6,56.8,78.7,48.0,4,Bachelor,Yes,Yes,59.31
STU_0188,77.9,8.3,72.2,86.2,57.5,5,High School,Yes,No,72.16
STU_0189,43.8,9.2,50.2,69.7,52.9,1,High School,Yes,No,47.11
STU_0190,77.9,2.6,79.8,65.5,60.4,1,Master,No,No,65.19
STU_0191,79.5,16.8,96.5,43.4,61.2,5,Bachelor,Yes,Yes,72.57
STU_0192,79.8,15.9,56.2,90.4,61.5,3,Master,Yes,No,66.22
STU_0193,,16.6,85.0,77.4,71.6,4,High School,Yes,Yes,67.11
STU_0194,85.9,8.0,62.7,81.9,55.5,3,Bachelor,Yes,No,63.18
STU_0195,60.3,9.3,89.1,59.7,62.0,2,Bachelor,Yes,Yes,65.17
STU_0196,79.1,9.2,98.6,65.9,75.6,2,Master,Yes,Yes,78.12
STU_0197,79.4,21.9,64.7,92.9,74.9,2,High School,Yes,No,75.19
STU_0198,85.3,14.1,46.7,89.8,49.1,2,High School,No,No,57.62
STU_0199,82.2,13.2,81.3,58.9,55.1,3,Associate,Yes,Yes,72.9
STU_0200,79.9,18.7,71.1,74.1,64.4,4,Master,Yes,Yes,71.46
STU_0201,73.5,9.2,75.0,68.7,65.6,5,Master,Yes,Yes,72.73
STU_0202,78.5,15.4,63.2,79.2,58.2,3,Doctorate,Yes,No,65.31
STU_0203,96.5,31.6,55.6,66.4,55.7,3,Master,Yes,No,76.41
STU_0204,98.1,23.6,84.2,52.4,76.9,3,High School,Yes,No,86.35
STU_0205,91.9,15.3,72.5,95.0,77.4,3,High School,No,Yes,67.44
STU_0206,81.0,13.4,47.8,73.2,49.9,3,High School,Yes,No,60.83
STU_0207,77.1,16.5,77.6,91.6,62.2,1,Associate,No,No,69.79
STU_0208,62.4,25.2,74.8,58.9,67.6,1,Master,Yes,Yes,67.1
STU_0209,85.4,24.3,63.4,91.3,70.0,2,Master,Yes,Yes,79.72
STU_0210,71.5,27.3,90.7,79.9,79.0,2,High School,Yes,No,76.49
STU_0211,56.8,14.5,59.3,72.8,60.2,4,Bachelor,Yes,No,62.57
STU_0212,79.8,3.3,65.6,83.5,49.5,2,Master,Yes,No,60.15
STU_0213,97.5,30.5,78.8,67.2,77.0,4,Associate,Yes,No,82.67
STU_0214,61.5,8.3,69.1,92.7,60.6,5,High School,Yes,No,69.38
STU_0215,83.3,3.6,48.6,83.8,49.6,5,Associate,Yes,No,59.26
STU_0216,84.0,18.6,70.6,68.0,64.6,5,Associate,Yes,Yes,71.03
STU_0217,80.4,3.4,62.2,76.3,50.5,3,Bachelor,No,Yes,57.89
STU_0218,87.4,13.0,80.0,78.3,63.4,3,Associate,Yes,No,62.13
STU_0219,65.8,3.3,70.1,74.5,55.8,2,High School,Yes,No,52.94
STU_0220,75.5,10.8,69.3,95.5,62.8,4,Doctorate,Yes,Yes,79.62
STU_0221,81.8,27.3,53.3,92.3,60.5,4,Bachelor,Yes,Yes,73.64
STU_0222,67.1,15.4,64.8,94.7,65.7,4,Associate,Yes,Yes,67.69
STU_0223,68.2,13.0,81.6,82.4,72.1,3,Master,Yes,Yes,76.01
STU_0224,79.2,16.3,57.1,74.3,55.0,4,High School,Yes,Yes,67.56
STU_0225,73.7,1.9,67.5,52.1,54.4,2,High School,Yes,No,60.37
STU_0226,77.6,9.1,54.9,64.3,50.6,1,Bachelor,Yes,Yes,55.94
STU_0227,92.0,9.8,51.4,78.7,42.8,4,High School,Yes,No,57.13
STU_0228,85.8,17.6,66.8,84.8,73.3,3,Bachelor,Yes,No,74.08
STU_0229,72.9,7.3,70.4,70.0,62.1,5,High School,Yes,No,69.05
STU_0230,82.3,14.2,95.9,85.6,85.2,2,High School,Yes,Yes,80.04
STU_0231,60.4,12.3,61.6,73.8,59.1,4,Associate,Yes,No,71.53
STU_0232,51.6,9.3,67.3,72.7,43.6,3,High School,Yes,Yes,53.39
STU_0233,77.9,9.7,50.5,59.5,52.6,4,Bachelor,Yes,Yes,68.9
STU_0234,83.9,12.3,76.6,91.6,68.9,4,Bachelor,Yes,No,71.56
STU_0235,90.1,4.0,73.6,70.4,59.3,5,Master,No,No,60.67
STU_0236,90.5,18.8,88.8,79.3,80.3,3,Bachelor,Yes,Yes,83.21
STU_0237,90.4,8.3,83.6,58.0,74.7,5,High School,Yes,No,78.47
STU_0238,89.8,11.2,72.9,75.4,59.3,2,Bachelor,Yes,No,66.62
STU_0239,75.0,26.8,61.4,55.5,59.4,2,Bachelor,Yes,No,64.44
STU_0240,68.9,19.0,70.9,88.9,64.2,3,Bachelor,Yes,No,75.77
STU_0241,73.5,6.6,66.4,86.6,51.8,4,Master,Yes,Yes,69.64
STU_0242,74.9,1.7,81.3,62.7,52.1,3,Bachelor,No,No,54.64
STU_0243,82.8,16.6,79.6,61.6,55.9,4,Associate,Yes,Yes,66.64
STU_0244,58.1,11.4,63.9,99.7,65.1,4,Bachelor,Yes,No,71.03
STU_0245,91.4,14.3,47.5,70.0,61.5,2,Associate,Yes,Yes,56.86
STU_0246,67.0,18.7,86.7,84.0,89.1,5,High School,No,Yes,81.9
STU_0247,68.8,20.2,76.1,88.5,67.7,1,Bachelor,Yes,No,74.38
STU_0248,81.1,10.2,63.5,65.9,53.2,4,High School,Yes,Yes,52.16
STU_0249,77.7,12.1,75.6,93.8,75.7,3,High School,Yes,Yes,73.1
STU_0250,88.2,15.7,69.0,64.9,63.9,3,High School,Yes,Yes,59.8
STU_0251,55.8,16.2,86.5,74.9,74.0,3,Bachelor,Yes,No,66.99
STU_0252,73.3,14.2,41.0,77.7,45.9,2,Associate,No,Yes,49.44
STU_0253,,25.3,62.4,69.6,72.0,3,Bachelor,Yes,Yes,71.85
STU_0254,61.5,16.1,90.4,94.4,72.8,2,Associate,Yes,Yes,84.21
STU_0255,70.1,18.5,75.9,52.4,67.3,2,Associate,Yes,Yes,71.71
STU_0256,78.9,14.8,92.8,75.0,77.8,2,Associate,Yes,Yes,83.2
STU_0257,80.4,7.3,50.9,95.2,52.1,3,Bachelor,Yes,No,61.24
STU_0258,77.0,9.0,83.0,65.9,69.5,4,Associate,Yes,Yes,71.69
STU_0259,86.4,6.4,82.2,87.5,67.1,3,Doctorate,Yes,Yes,83.61
STU_0260,80.6,21.3,44.5,47.1,44.7,4,Master,Yes,Yes,64.43
STU_0261,57.3,5.0,63.9,55.2,50.0,3,Master,Yes,Yes,60.16
STU_0262,61.2,11.9,66.5,82.3,51.3,4,Master,Yes,Yes,61.44
STU_0263,81.3,10.6,45.3,60.2,47.6,3,Associate,Yes,No,51.65
STU_0264,74.3,10.4,64.2,74.9,62.3,3,Bachelor,Yes,Yes,67.78
STU_0265,88.4,10.9,80.2,74.0,62.1,4,Bachelor,Yes,Yes,75.72
STU_0266,70.7,27.7,62.5,95.7,66.4,1,Bachelor,No,No,63.26
STU_0267,88.0,3.8,71.4,72.6,52.6,4,Master,Yes,Yes,69.73
STU_0268,84.3,23.8,71.5,76.2,69.8,4,Bachelor,Yes,No,71.98
STU_0269,94.5,11.4,67.8,85.6,63.2,2,Doctorate,Yes,No,73.29
STU_0270,77.6,19.5,58.1,70.1,68.5,4,Associate,Yes,Yes,63.73
STU_0271,87.4,13.4,77.2,84.0,77.0,1,Master,Yes,No,82.16
STU_0272,73.7,6.8,45.8,96.0,53.9,2,Bachelor,Yes,Yes,58.28
STU_0273,47.7,24.9,68.1,61.6,66.9,1,Bachelor,Yes,No,61.19
STU_0274,76.5,23.0,87.4,79.0,73.4,4,Associate,Yes,No,73.83
STU_0275,67.7,7.1,61.7,63.7,61.4,4,Bachelor,Yes,No,56.83
STU_0276,72.3,17.3,57.8,38.0,49.3,4,Master,Yes,No,63.69
STU_0277,49.2,9.3,78.2,69.7,64.8,1,High School,No,No,58.81
STU_0278,88.2,5.2,70.3,91.2,64.1,3,Bachelor,Yes,No,73.87
STU_0279,96.1,8.3,78.4,80.4,65.0,4,Associate,Yes,No,79.39
STU_0280,98.5,24.2,68.5,49.9,70.5,2,Doctorate,Yes,Yes,86.2
STU_0281,79.6,19.7,34.6,89.7,52.7,3,Associate,Yes,No,65.13
STU_0282,73.6,11.0,84.5,93.2,78.3,2,High School,Yes,Yes,71.01
STU_0283,92.1,24.2,97.0,69.2,85.8,2,Associate,Yes,Yes,86.36
STU_0284,78.2,22.1,86.0,51.4,71.9,3,Bachelor,Yes,No,65.64
STU_0285,86.6,8.3,30.0,67.0,35.8,3,High School,Yes,Yes,52.31
STU_0286,76.8,27.1,74.3,87.4,75.8,2,Bachelor,Yes,Yes,79.96
STU_0287,67.8,10.5,61.5,66.3,46.3,2,Master,Yes,No,65.95
STU_0288,77.6,11.3,52.8,84.5,47.4,2,Master,Yes,Yes,58.8
STU_0289,87.6,3.9,69.7,90.3,63.4,2,High School,Yes,Yes,67.92
STU_0290,77.9,9.2,65.9,85.1,51.8,2,Doctorate,Yes,No,61.09
STU_0291,84.7,11.9,75.1,80.0,62.7,3,Bachelor,No,No,66.66
STU_0292,86.3,15.0,68.8,86.3,58.7,3,High School,Yes,No,60.37
STU_0293,82.1,6.8,52.3,51.9,40.9,3,High School,Yes,Yes,58.95
STU_0294,88.7,8.5,59.9,48.6,47.3,4,High School,Yes,Yes,63.8
STU_0295,84.2,27.4,57.7,71.2,61.6,4,Master,Yes,No,72.33
STU_0296,78.7,21.4,44.0,77.4,45.2,2,High School,Yes,Yes,59.49
STU_0297,95.1,23.4,48.8,79.6,57.0,1,High School,Yes,No,64.72
STU_0298,54.2,12.5,65.0,85.6,55.3,4,Bachelor,Yes,No,60.29
STU_0299,68.0,15.2,87.9,76.1,69.7,1,Bachelor,Yes,Yes,72.74
STU_0300,85.9,17.4,60.5,51.0,59.4,2,Bachelor,No,Yes,60.18
STU_0301,96.1,27.2,57.4,86.3,72.5,1,Bachelor,No,Yes,77.45
STU_0302,73.0,5.1,51.5,68.7,37.6,3,High School,No,No,45.13
STU_0303,79.8,9.7,68.4,69.9,67.4,3,Master,Yes,Yes,81.5
STU_0304,64.2,14.5,84.5,47.1,62.4,5,High School,No,Yes,62.96
STU_0305,87.7,13.4,96.0,60.8,70.2,4,Bachelor,Yes,No,78.76
STU_0306,89.5,8.5,72.0,62.9,52.4,3,Bachelor,Yes,No,67.92
STU_0307,86.3,16.7,70.0,54.3,60.7,3,High School,Yes,Yes,70.74
STU_0308,81.9,9.9,60.4,55.1,62.6,3,Doctorate,Yes,No,66.99
STU_0309,91.6,12.9,62.7,87.1,51.2,2,Associate,No,Yes,64.18
STU_0310,81.7,16.3,76.8,79.7,56.6,2,High School,Yes,No,67.46
STU_0311,81.9,10.1,63.6,65.7,56.4,2,Master,Yes,No,61.03
STU_0312,80.1,18.9,65.7,65.6,65.1,2,Bachelor,Yes,Yes,65.11
STU_0313,,20.6,67.6,85.0,68.0,2,Bachelor,No,No,72.17
STU_0314,70.1,8.6,59.7,62.9,54.6,3,Bachelor,Yes,Yes,67.63
STU_0315,67.2,9.9,67.0,79.2,52.4,5,Master,No,No,54.91
STU_0316,55.6,7.4,39.7,89.0,38.8,3,High School,Yes,Yes,41.93
STU_0317,64.0,12.8,75.7,93.4,69.5,5,High School,Yes,Yes,64.83
STU_0318,81.5,15.0,99.0,60.8,87.0,3,Associate,Yes,Yes,84.82
STU_0319,80.9,10.7,60.3,66.5,56.9,3,High School,Yes,Yes,65.62
STU_0320,53.1,14.8,73.2,83.8,70.4,3,Bachelor,Yes,No,63.94
STU_0321,64.8,9.7,79.9,86.6,61.2,2,Associate,Yes,No,75.09
STU_0322,68.1,9.9,85.9,73.9,71.1,2,High School,Yes,No,65.45
STU_0323,72.2,15.4,64.3,43.8,47.2,5,High School,Yes,Yes,66.59
STU_0324,61.4,10.2,42.8,73.5,55.6,5,Bachelor,Yes,Yes,63.4
STU_0325,68.0,12.4,71.7,63.7,54.3,1,Master,Yes,No,58.22
STU_0326,75.2,15.7,69.8,87.5,61.4,2,Associate,Yes,Yes,66.39
STU_0327,88.2,14.7,63.2,94.0,54.4,3,Bachelor,Yes,No,65.38
STU_0328,58.9,9.8,66.1,70.0,57.3,2,High School,Yes,No,50.74
STU_0329,82.9,21.7,70.0,68.4,66.7,3,Bachelor,Yes,Yes,73.12
STU_0330,44.1,4.9,73.1,77.0,67.9,2,High School,Yes,No,51.98
STU_0331,74.6,1.4,72.5,87.0,62.9,3,Associate,Yes,No,63.26
STU_0332,93.0,17.1,65.0,71.7,56.6,3,Bachelor,Yes,No,78.59
STU_0333,43.9,14.5,73.4,92.3,73.6,3,Master,No,Yes,69.9
STU_0334,74.3,6.8,64.0,60.2,44.3,2,Associate,Yes,Yes,53.52
STU_0335,89.5,13.6,77.0,78.5,62.7,3,Bachelor,No,Yes,67.09
STU_0336,89.7,9.1,59.2,91.6,57.6,5,Bachelor,Yes,Yes,68.9
STU_0337,57.1,16.4,69.0,75.1,57.0,3,Master,Yes,Yes,75.96
STU_0338,83.0,1.6,45.3,73.4,47.0,4,Associate,Yes,No,50.23
STU_0339,77.2,,62.8,53.2,66.2,4,Associate,Yes,No,64.76
STU_0340,62.2,9.6,75.9,88.7,64.0,5,Master,Yes,No,73.44
STU_0341,63.8,19.0,53.5,85.0,55.0,4,High School,Yes,Yes,68.06
STU_0342,73.9,4.0,63.5,69.9,50.8,3,High School,Yes,No,54.8
STU_0343,84.1,13.1,34.3,98.5,43.8,4,High School,Yes,Yes,53.93
STU_0344,81.0,17.0,48.8,83.8,56.4,1,Master,Yes,No,65.56
STU_0345,60.6,29.7,52.5,75.3,55.5,3,High School,Yes,No,68.59
STU_0346,43.1,9.9,69.4,77.8,62.2,5,Master,Yes,No,63.57
STU_0347,78.9,15.1,72.7,83.1,78.0,4,Associate,Yes,No,71.22
STU_0348,82.0,4.1,67.2,67.8,41.2,5,High School,Yes,No,58.69
STU_0349,92.2,12.8,62.6,54.5,46.7,4,Associate,Yes,Yes,56.53
STU_0350,50.0,22.5,62.7,88.0,64.2,4,High School,Yes,Yes,65.18
STU_0351,63.3,29.9,78.0,75.8,81.0,4,Bachelor,Yes,Yes,86.56
STU_0352,88.7,15.9,71.0,62.7,67.4,4,Bachelor,Yes,Yes,78.21
STU_0353,88.7,4.9,63.3,74.5,57.8,3,Associate,Yes,No,62.67
STU_0354,95.3,24.2,86.1,55.9,64.3,5,High School,Yes,Yes,86.03
STU_0355,55.4,4.9,95.3,89.3,69.5,4,Bachelor,Yes,No,80.08
STU_0356,84.1,6.4,50.6,90.7,44.8,4,Master,Yes,Yes,66.37
STU_0357,82.3,25.2,75.3,84.8,74.6,3,Bachelor,Yes,Yes,73.85
STU_0358,94.3,12.3,99.0,64.2,75.5,3,Master,Yes,No,73.43
STU_0359,56.4,9.3,71.9,69.0,51.2,1,High School,No,Yes,57.62
STU_0360,76.6,18.1,69.6,87.8,65.1,5,Master,Yes,No,77.14
STU_0361,84.7,14.0,67.2,86.0,66.9,3,Associate,Yes,No,77.83
STU_0362,84.7,21.5,74.9,96.2,70.8,3,High School,Yes,Yes,70.51
STU_0363,72.8,14.3,78.6,77.7,67.0,2,Master,Yes,Yes,72.1
STU_0364,91.1,14.5,50.6,74.0,62.4,4,Master,Yes,Yes,75.59
STU_0365,55.1,21.1,67.6,85.9,80.2,4,Bachelor,Yes,No,70.68
STU_0366,51.1,12.2,36.2,83.5,31.7,4,High School,Yes,No,50.76
STU_0367,81.7,7.8,65.1,88.9,59.4,3,High School,Yes,Yes,64.29
STU_0368,77.7,18.6,55.4,64.4,73.1,3,Associate,Yes,No,67.94
STU_0369,87.8,11.0,72.7,89.7,68.0,3,Master,Yes,Yes,70.51
STU_0370,80.3,14.9,44.8,35.1,41.6,1,High School,Yes,No,50.09
STU_0371,69.0,3.6,60.8,77.3,59.1,4,Master,Yes,No,73.26
STU_0372,93.3,12.0,81.5,85.9,71.2,2,Associate,Yes,No,76.25
STU_0373,78.4,9.6,58.5,67.1,56.2,3,Bachelor,Yes,No,58.79
STU_0374,73.6,3.5,41.3,68.4,37.4,3,Master,Yes,Yes,59.05
STU_0375,97.2,12.2,71.6,92.7,67.2,3,Associate,Yes,No,70.47
STU_0376,60.9,12.4,59.8,58.9,55.4,5,Associate,Yes,Yes,68.94
STU_0377,76.7,15.4,65.4,77.9,66.9,1,Bachelor,No,No,57.62
STU_0378,85.4,22.3,57.8,60.7,56.0,4,Bachelor,Yes,Yes,70.93
STU_0379,75.9,20.5,95.6,76.5,78.6,1,Bachelor,No,No,81.73
STU_0380,67.5,10.0,46.2,70.2,34.5,1,Bachelor,Yes,No,45.65
STU_0381,88.6,14.1,99.0,96.1,80.6,3,High School,Yes,No,81.96
STU_0382,71.2,16.6,62.5,67.4,64.5,1,Master,Yes,Yes,72.1
STU_0383,89.6,10.2,70.6,57.3,59.8,4,High School,Yes,No,55.44
STU_0384,65.0,5.2,60.0,83.2,47.1,3,Master,Yes,No,63.24
STU_0385,82.4,11.5,59.4,76.1,44.0,1,High School,No,No,51.7
STU_0386,68.9,22.7,57.0,70.1,59.4,1,Bachelor,Yes,Yes,71.32
STU_0387,84.4,5.1,76.4,68.9,64.7,3,Associate,Yes,Yes,64.11
STU_0388,91.2,7.3,48.2,79.8,44.4,4,Associate,Yes,Yes,54.09
STU_0389,77.8,8.2,73.1,64.9,49.9,3,Associate,No,Yes,56.0
STU_0390,78.3,7.3,37.4,84.5,38.7,3,Bachelor,Yes,Yes,52.14
STU_0391,,18.1,71.8,82.7,69.9,4,Bachelor,Yes,Yes,69.03
STU_0392,56.8,9.1,79.9,82.7,73.9,3,Master,Yes,Yes,69.68
STU_0393,83.2,18.4,50.2,70.4,52.3,2,Associate,Yes,Yes,53.18
STU_0394,80.4,13.1,77.5,76.9,73.0,3,Bachelor,Yes,Yes,74.46
STU_0395,93.9,4.3,68.7,72.7,60.8,3,Bachelor,Yes,No,68.48
STU_0396,87.3,10.3,90.4,82.0,65.8,4,High School,No,Yes,69.82
STU_0397,68.7,20.8,56.0,33.2,58.6,3,Associate,Yes,Yes,62.15
STU_0398,72.4,13.9,99.0,75.1,80.4,5,Associate,Yes,Yes,81.56
STU_0399,79.2,10.7,34.5,73.0,33.4,2,Associate,Yes,No,42.91
STU_0400,72.2,22.9,63.4,64.7,73.4,5,Associate,Yes,No,71.27
STU_0401,93.5,6.9,44.2,92.5,46.6,3,Bachelor,Yes,Yes,62.44
STU_0402,67.4,9.2,93.9,66.3,59.3,3,High School,Yes,Yes,65.62
STU_0403,86.7,19.9,64.3,69.0,58.0,2,Bachelor,Yes,No,61.77
STU_0404,87.9,18.0,65.6,71.8,56.6,3,Master,Yes,Yes,77.4
STU_0405,66.5,6.6,74.2,84.2,57.9,4,Bachelor,Yes,Yes,62.45
STU_0406,66.3,16.3,67.9,83.0,62.0,4,Bachelor,Yes,Yes,64.41
STU_0407,78.3,9.0,59.7,67.6,50.7,1,High School,Yes,Yes,56.67
STU_0408,75.7,3.4,50.4,73.2,42.8,3,Master,Yes,No,54.71
STU_0409,82.1,10.8,70.4,92.2,63.7,2,Associate,Yes,Yes,71.73
STU_0410,63.2,30.8,73.3,81.5,80.4,5,Bachelor,Yes,No,85.07
STU_0411,57.2,,77.7,72.2,66.5,4,Doctorate,Yes,No,77.08
STU_0412,77.1,12.5,94.8,74.6,82.4,1,Bachelor,Yes,No,76.83
STU_0413,84.8,4.9,37.6,81.5,32.9,4,Bachelor,Yes,Yes,56.84
STU_0414,83.7,3.5,67.1,64.0,55.7,5,Associate,Yes,Yes,57.43
STU_0415,,13.2,84.7,71.8,79.5,3,High School,Yes,Yes,78.48
STU_0416,49.0,15.7,66.3,44.6,54.6,4,Bachelor,Yes,Yes,58.41
STU_0417,67.4,18.3,35.3,67.0,46.0,3,High School,Yes,No,61.36
STU_0418,86.1,17.2,49.9,94.3,51.8,3,Bachelor,Yes,Yes,72.27
STU_0419,91.7,18.0,72.6,56.1,59.9,3,High School,Yes,No,67.12
STU_0420,52.6,14.8,72.1,20.6,62.9,3,Master,Yes,Yes,62.18
STU_0421,93.1,22.6,77.4,51.0,72.1,3,High School,Yes,No,79.26
STU_0422,89.2,9.6,57.1,55.5,51.3,2,Associate,Yes,No,48.69
STU_0423,90.9,13.1,71.6,74.9,51.4,4,Bachelor,Yes,Yes,69.81
STU_0424,77.5,4.3,54.8,47.1,38.1,3,Associate,Yes,Yes,59.5
STU_0425,79.8,9.5,71.6,55.2,67.1,3,Associate,No,Yes,66.62
STU_0426,91.0,20.7,68.7,87.3,71.3,4,Associate,Yes,Yes,74.25
STU_0427,70.9,17.7,56.5,85.0,62.9,3,Associate,Yes,Yes,68.05
STU_0428,94.2,2.6,89.8,69.2,66.0,3,Associate,No,Yes,63.72
STU_0429,79.8,32.0,44.1,50.6,51.7,5,Associate,Yes,Yes,65.15
STU_0430,90.6,13.9,66.0,80.6,63.6,4,Bachelor,Yes,No,74.03
STU_0431,90.1,14.1,56.2,90.4,49.1,2,High School,Yes,Yes,65.16
STU_0432,45.0,9.2,93.7,91.2,66.2,3,Doctorate,Yes,No,74.59
STU_0433,86.1,10.3,76.4,74.3,59.2,5,Associate,Yes,Yes,77.02
STU_0434,73.0,13.8,58.9,85.2,59.7,3,High School,Yes,Yes,58.38
STU_0435,58.0,17.2,64.1,64.7,50.1,3,Associate,No,Yes,56.16
STU_0436,76.7,15.1,94.1,65.5,75.6,2,Master,Yes,No,73.63
STU_0437,92.5,9.6,54.8,86.0,47.7,2,High School,Yes,Yes,58.73
STU_0438,73.5,7.7,43.3,85.7,40.9,4,Bachelor,Yes,Yes,53.75
STU_0439,87.1,7.4,72.1,70.6,66.4,4,Bachelor,Yes,Yes,73.84
STU_0440,,21.5,72.4,53.7,64.9,5,High School,Yes,Yes,76.63
STU_0441,63.4,20.2,77.3,84.6,67.3,4,Bachelor,Yes,Yes,79.58
STU_0442,98.6,16.4,77.4,84.8,71.4,2,Associate,Yes,No,71.2
STU_0443,84.0,21.4,92.8,86.2,73.5,1,Associate,Yes,Yes,78.61
STU_0444,95.8,12.0,43.9,39.8,42.3,5,Master,Yes,Yes,56.51
STU_0445,64.9,19.4,51.2,97.1,67.0,3,Bachelor,Yes,No,62.56
STU_0446,62.6,16.8,77.3,86.3,74.8,3,Master,Yes,Yes,72.79
STU_0447,88.1,19.6,52.5,83.0,71.3,5,Bachelor,Yes,Yes,77.32
STU_0448,87.7,7.0,47.6,88.7,36.9,3,Bachelor,Yes,No,59.85
STU_0449,,2.3,94.1,88.3,71.7,2,Master,Yes,Yes,78.16
STU_0450,90.1,14.7,45.3,90.1,44.5,4,High School,Yes,No,63.44
STU_0451,71.5,10.6,63.1,61.9,53.0,5,Bachelor,Yes,Yes,60.59
STU_0452,58.4,3.0,67.2,94.0,57.7,2,Bachelor,Yes,Yes,66.26
STU_0453,59.9,23.2,86.3,83.3,93.1,4,High School,Yes,Yes,84.73
STU_0454,86.0,20.3,41.8,72.1,50.4,3,Associate,Yes,Yes,60.58
STU_0455,59.4,15.3,73.8,72.3,64.6,3,High School,Yes,Yes,63.39
STU_0456,94.4,8.0,55.5,90.5,59.9,5,Bachelor,Yes,Yes,67.96
STU_0457,85.5,4.2,76.8,69.6,58.6,5,Bachelor,Yes,No,63.24
STU_0458,89.5,2.9,55.3,82.7,59.8,3,Master,Yes,No,68.35
STU_0459,94.4,9.5,90.0,83.1,76.4,2,High School,Yes,Yes,80.04
STU_0460,78.6,18.1,55.4,71.8,61.7,2,Bachelor,Yes,No,61.48
STU_0461,69.3,10.7,33.5,90.6,32.4,3,High School,Yes,No,42.67
STU_0462,60.3,16.5,57.0,95.6,73.2,1,Bachelor,Yes,No,62.12
STU_0463,83.0,16.9,64.3,73.1,57.2,3,Bachelor,Yes,Yes,69.56
STU_0464,66.4,18.0,83.2,87.5,75.0,1,Bachelor,Yes,No,67.28
STU_0465,61.4,3.7,50.4,82.2,42.7,3,Bachelor,Yes,Yes,58.97
STU_0466,65.2,8.4,50.7,80.0,43.3,1,Master,No,Yes,56.27
STU_0467,84.1,16.3,81.4,99.0,68.1,4,High School,Yes,Yes,78.57
STU_0468,75.4,25.7,48.7,88.0,61.9,2,Associate,No,No,66.18
STU_0469,72.7,22.2,65.5,56.9,50.2,3,Bachelor,Yes,No,65.01
STU_0470,61.6,14.9,65.8,91.7,62.9,4,Associate,Yes,No,68.84
STU_0471,68.7,23.3,71.0,74.3,75.6,4,,Yes,Yes,67.8
STU_0472,87.1,14.9,57.5,79.3,61.1,2,Bachelor,Yes,No,73.38
STU_0473,54.6,5.0,55.0,71.5,50.4,1,Associate,Yes,Yes,49.09
STU_0474,83.6,17.8,72.7,64.7,59.3,4,Associate,Yes,Yes,70.23
STU_0475,92.2,22.6,55.5,73.4,50.6,3,Bachelor,Yes,Yes,80.35
STU_0476,83.2,,49.0,77.7,68.2,4,Associate,Yes,Yes,72.67
STU_0477,66.3,9.3,85.2,93.8,69.0,3,High School,Yes,No,72.39
STU_0478,84.7,6.5,74.8,88.1,62.5,3,High School,Yes,Yes,70.17
STU_0479,67.7,19.4,92.7,53.9,73.3,3,,No,No,66.42
STU_0480,73.1,15.8,79.0,73.4,72.6,4,Doctorate,Yes,Yes,73.56
STU_0481,78.7,15.1,50.2,80.2,64.6,5,Bachelor,Yes,Yes,78.83
STU_0482,78.4,23.5,69.3,59.1,74.2,1,Associate,Yes,No,72.79
STU_0483,85.6,19.4,53.8,70.4,42.4,3,Master,Yes,Yes,65.18
STU_0484,70.0,16.6,44.9,96.8,53.1,1,Bachelor,Yes,No,57.63
STU_0485,66.6,10.0,61.7,94.9,51.4,3,Master,Yes,No,65.33
STU_0486,92.0,18.6,81.7,72.7,77.3,4,Bachelor,Yes,Yes,83.89
STU_0487,81.9,6.4,71.8,78.0,59.3,3,Associate,Yes,No,66.24
STU_0488,88.5,14.8,48.5,75.5,55.1,5,Associate,Yes,Yes,71.23
STU_0489,90.2,12.6,61.2,75.3,54.6,3,High School,Yes,No,59.76
STU_0490,57.0,4.8,66.0,70.7,47.4,5,Associate,Yes,Yes,53.46
STU_0491,88.8,15.9,44.4,74.0,44.5,4,Bachelor,Yes,Yes,67.85
STU_0492,78.0,9.3,78.0,72.4,54.3,2,Master,Yes,Yes,77.26
STU_0493,93.3,15.7,64.8,56.6,49.7,2,Bachelor,Yes,No,68.53
STU_0494,69.1,7.4,48.5,84.7,39.6,3,Associate,Yes,No,59.02
STU_0495,99.4,19.5,47.7,60.5,44.9,2,High School,Yes,No,59.25
STU_0496,78.0,27.7,83.4,50.9,67.7,3,High School,Yes,No,74.22
STU_0497,69.7,6.4,62.7,87.0,58.5,3,Associate,No,No,58.71
STU_0498,85.8,7.4,84.7,81.7,69.9,5,Associate,Yes,No,74.65
STU_0499,69.6,5.7,90.0,55.2,66.6,3,Bachelor,Yes,Yes,75.24
STU_0500,57.8,11.5,82.3,85.3,76.9,4,High School,Yes,No,75.21
STU_0501,91.2,15.5,60.5,88.3,60.7,5,Doctorate,Yes,No,73.88
STU_0502,85.9,18.0,33.0,40.2,33.3,4,Associate,Yes,Yes,45.45
STU_0503,70.1,14.7,72.4,71.1,77.0,2,Master,Yes,No,71.95
STU_0504,94.5,17.8,97.3,65.0,83.7,3,Bachelor,Yes,Yes,80.26
STU_0505,87.1,12.4,67.5,79.5,62.1,3,High School,Yes,No,67.01
STU_0506,61.5,9.3,40.1,84.9,45.7,3,Bachelor,Yes,No,48.98
STU_0507,89.2,7.5,58.6,80.0,54.9,3,Bachelor,Yes,No,70.23
STU_0508,85.3,11.7,65.4,65.8,55.6,4,Bachelor,Yes,No,69.93
STU_0509,93.0,7.6,52.6,88.4,52.4,3,Associate,No,Yes,62.62
STU_0510,75.4,15.3,32.1,81.5,47.0,3,High School,Yes,No,58.76
STU_0511,74.7,7.7,66.6,64.6,50.3,5,Bachelor,Yes,Yes,65.99
STU_0512,79.1,9.8,57.0,89.8,46.0,1,Master,Yes,Yes,64.2
STU_0513,,21.5,92.8,88.9,70.5,3,High School,Yes,No,83.01
STU_0514,78.2,22.5,69.4,39.7,66.2,4,High School,Yes,No,67.12
STU_0515,75.5,22.1,74.6,90.8,64.2,2,Master,Yes,No,77.58
STU_0516,79.1,12.5,66.3,75.0,62.5,3,Associate,Yes,Yes,62.58
STU_0517,82.1,9.5,69.3,38.1,45.1,2,Bachelor,Yes,No,58.54
STU_0518,69.5,16.5,44.9,69.6,42.6,4,,Yes,No,68.02
STU_0519,96.6,7.8,53.4,80.5,46.3,3,Bachelor,Yes,Yes,67.26
STU_0520,91.5,18.5,83.2,85.5,76.2,3,Associate,Yes,Yes,80.1
STU_0521,80.6,9.0,70.9,90.4,55.3,3,Associate,Yes,No,67.04
STU_0522,56.1,11.4,62.4,66.8,51.5,2,High School,Yes,No,53.99
STU_0523,88.9,18.7,74.8,94.9,72.3,3,Bachelor,Yes,No,79.61
STU_0524,68.2,4.1,75.1,93.9,55.5,3,Bachelor,Yes,Yes,63.72
STU_0525,97.2,9.2,95.9,82.9,83.9,3,Bachelor,Yes,No,85.56
STU_0526,,15.5,70.3,90.5,56.6,3,Bachelor,No,No,67.88
STU_0527,67.1,17.2,53.1,46.5,48.5,3,High School,Yes,Yes,55.63
STU_0528,71.7,15.8,66.4,87.8,72.1,3,High School,Yes,No,69.25
STU_0529,79.4,11.3,76.5,78.4,57.2,3,Bachelor,Yes,No,70.07
STU_0530,79.6,19.6,81.9,72.3,71.7,3,Associate,Yes,Yes,73.4
STU_0531,67.8,7.4,45.4,78.1,46.3,2,Associate,Yes,Yes,55.45
STU_0532,83.0,7.2,71.6,40.6,47.4,4,High School,Yes,Yes,62.82
STU_0533,83.9,15.4,55.4,71.3,54.4,4,High School,No,No,65.56
STU_0534,56.2,6.9,60.1,94.4,59.8,2,Associate,No,No,55.96
STU_0535,,28.1,79.8,41.0,67.8,3,Bachelor,Yes,Yes,74.66
STU_0536,73.4,9.4,78.4,88.8,71.7,3,Master,Yes,Yes,74.25
STU_0537,68.5,19.4,58.5,90.2,65.3,3,Master,Yes,Yes,66.29
STU_0538,77.9,6.2,65.8,65.1,49.8,3,Master,Yes,No,65.39
STU_0539,83.0,25.2,60.5,84.5,73.5,1,Master,Yes,No,65.83
STU_0540,49.3,12.9,99.0,72.3,73.0,4,Bachelor,Yes,No,77.98
STU_0541,94.8,9.2,71.9,63.8,63.5,1,High School,Yes,No,69.73
STU_0542,63.6,10.9,56.2,77.7,49.3,3,Bachelor,Yes,No,45.45
STU_0543,78.3,8.4,86.5,65.7,64.3,4,High School,Yes,Yes,75.11
STU_0544,75.8,11.4,87.0,74.7,69.3,3,High School,No,No,70.84
STU_0545,86.1,6.5,93.1,87.0,74.9,2,High School,No,No,68.0
STU_0546,87.2,9.4,97.2,74.9,60.1,5,Associate,Yes,No,69.87
STU_0547,82.5,19.3,77.9,73.7,73.0,4,Associate,Yes,No,72.26
STU_0548,44.0,14.3,63.1,68.5,57.2,4,High School,No,No,49.76
STU_0549,55.9,7.3,65.2,63.3,55.0,3,Associate,Yes,No,62.41
STU_0550,83.2,11.6,63.9,89.7,63.7,2,Master,Yes,No,67.83
STU_0551,75.4,22.6,62.3,86.0,68.7,5,Bachelor,Yes,No,79.27
STU_0552,80.7,10.0,85.4,85.9,58.7,3,Master,No,No,68.37
STU_0553,,6.9,68.0,68.7,49.3,4,High School,Yes,Yes,62.09
STU_0554,87.0,16.8,81.6,76.0,73.1,3,High School,Yes,Yes,68.27
STU_0555,88.8,3.1,77.5,95.5,65.0,3,Bachelor,No,No,62.25
STU_0556,73.9,11.1,52.6,82.2,47.9,5,Associate,Yes,Yes,67.65
STU_0557,74.3,23.6,44.0,80.2,60.2,3,Bachelor,Yes,Yes,66.27
STU_0558,73.4,,50.7,88.0,51.4,2,Bachelor,Yes,Yes,62.24
STU_0559,80.3,20.2,62.0,83.5,69.4,2,Bachelor,Yes,No,79.65
STU_0560,87.0,6.8,69.9,82.1,66.6,3,Master,Yes,Yes,71.8
STU_0561,85.4,11.2,58.9,89.5,59.3,1,Associate,Yes,Yes,63.74
STU_0562,96.4,10.7,77.8,87.6,70.7,3,High School,Yes,Yes,79.96
STU_0563,73.0,16.4,60.6,90.7,58.6,3,Bachelor,Yes,No,67.38
STU_0564,96.6,13.3,71.6,81.6,69.8,4,High School,Yes,Yes,75.95
STU_0565,62.1,25.1,69.6,57.1,67.5,3,Associate,Yes,Yes,73.55
STU_0566,70.2,9.7,92.3,86.1,72.6,5,High School,Yes,No,74.16
STU_0567,49.0,13.2,54.3,81.1,47.5,2,Associate,Yes,No,56.97
STU_0568,66.6,10.9,98.9,40.5,66.8,3,High School,Yes,Yes,67.26
STU_0569,86.7,12.7,59.7,70.2,48.6,2,High School,Yes,No,63.73
STU_0570,76.8,12.1,49.2,49.2,49.4,4,Bachelor,Yes,Yes,61.32
STU_0571,87.6,7.8,65.0,75.3,63.3,5,Bachelor,Yes,No,69.06
STU_0572,80.8,18.7,99.0,73.0,86.9,4,Bachelor,Yes,Yes,86.79
STU_0573,57.1,8.9,80.5,64.4,77.9,3,Bachelor,Yes,Yes,58.69
STU_0574,75.7,8.5,76.4,54.9,55.8,3,High School,Yes,No,66.41
STU_0575,92.1,5.0,79.1,91.2,68.6,4,Associate,Yes,No,67.73
STU_0576,82.2,9.5,57.2,59.2,42.5,5,High School,Yes,Yes,53.71
STU_0577,79.2,8.8,72.6,70.0,58.5,5,Master,Yes,Yes,69.17
STU_0578,83.4,1.5,68.0,86.0,46.7,3,Bachelor,Yes,No,53.57
STU_0579,58.9,3.5,93.3,89.5,74.9,5,High School,Yes,No,73.03
STU_0580,71.3,11.4,66.5,87.1,59.4,2,Associate,Yes,Yes,66.24
STU_0581,78.1,24.6,62.7,95.7,57.5,2,Doctorate,Yes,No,71.08
STU_0582,69.1,5.6,51.7,51.2,38.2,2,Bachelor,Yes,Yes,47.73
STU_0583,72.2,12.6,70.0,85.9,74.7,3,Bachelor,No,Yes,65.75
STU_0584,90.9,11.2,72.1,42.5,58.0,4,High School,Yes,Yes,68.32
STU_0585,56.2,17.5,51.2,74.1,59.1,4,High School,Yes,Yes,52.98
STU_0586,93.5,18.1,74.3,89.3,71.4,4,Bachelor,Yes,Yes,78.66
STU_0587,93.1,33.4,71.3,63.2,72.7,3,Bachelor,No,Yes,71.07
STU_0588,91.1,14.6,82.2,86.7,72.2,3,Bachelor,Yes,Yes,82.72
STU_0589,45.6,8.2,85.0,95.0,72.6,4,Bachelor,Yes,Yes,69.5
STU_0590,69.5,9.4,69.3,56.0,48.9,3,Bachelor,Yes,Yes,63.27
STU_0591,90.9,9.9,53.5,79.8,56.5,4,Bachelor,Yes,Yes,72.91
STU_0592,89.9,9.0,56.4,73.7,58.4,3,High School,Yes,No,67.83
STU_0593,83.8,27.5,92.7,98.4,87.6,4,Associate,Yes,Yes,85.52
STU_0594,73.1,17.7,70.3,71.2,61.4,3,Master,Yes,No,71.68
STU_0595,75.8,4.7,92.4,52.3,59.9,4,Associate,Yes,Yes,72.81
STU_0596,77.0,16.3,75.0,84.3,79.4,2,Bachelor,Yes,Yes,79.33
STU_0597,60.3,7.0,78.6,96.8,64.5,3,Bachelor,Yes,No,71.25
STU_0598,80.4,18.1,81.1,95.4,79.5,4,Doctorate,Yes,No,75.86
STU_0599,78.1,21.8,50.9,57.4,52.7,3,Associate,No,Yes,61.73
STU_0600,80.4,11.3,72.3,68.0,59.3,4,Associate,Yes,Yes,64.48
STU_0601,95.3,9.3,50.7,48.0,39.0,3,Master,Yes,No,61.5
STU_0602,77.2,25.4,64.0,83.7,62.8,3,Bachelor,Yes,No,75.55
STU_0603,79.8,8.7,77.0,87.5,70.0,4,Bachelor,No,No,72.11
STU_0604,80.9,8.2,53.6,60.9,41.1,3,Associate,Yes,Yes,55.38
STU_0605,69.0,7.5,75.8,91.1,67.6,3,Associate,Yes,Yes,74.61
STU_0606,90.3,12.3,47.0,80.9,50.7,3,Bachelor,Yes,No,65.21
STU_0607,85.9,14.5,84.0,89.0,78.1,3,Master,Yes,No,82.46
STU_0608,93.4,20.3,58.7,61.6,54.3,3,Master,Yes,No,65.4
STU_0609,83.3,16.7,53.6,59.3,58.8,2,High School,Yes,No,62.35
STU_0610,97.8,16.6,47.9,81.2,52.7,4,Associate,Yes,No,75.32
STU_0611,96.5,23.4,59.9,88.8,81.6,4,Associate,Yes,Yes,74.91
STU_0612,83.7,7.3,41.3,73.6,32.6,2,Doctorate,Yes,Yes,58.35
STU_0613,96.1,5.4,60.3,94.0,70.1,4,Bachelor,Yes,No,76.2
STU_0614,80.5,17.1,83.4,87.5,73.9,3,Associate,Yes,Yes,85.25
STU_0615,69.1,12.0,65.4,92.4,63.7,2,High School,Yes,Yes,67.68
STU_0616,56.1,20.4,51.5,97.0,57.5,3,Bachelor,Yes,Yes,64.95
STU_0617,89.7,12.6,71.2,91.3,56.3,3,High School,Yes,Yes,70.74
STU_0618,86.0,9.2,69.9,82.6,57.8,4,Master,Yes,Yes,70.65
STU_0619,92.8,,95.4,50.2,71.6,3,Bachelor,Yes,No,84.11
STU_0620,88.1,13.4,79.1,96.8,72.8,3,Associate,Yes,Yes,70.27
STU_0621,54.7,12.6,72.3,61.8,67.1,4,Associate,Yes,Yes,63.01
STU_0622,68.2,36.4,80.7,69.4,83.4,4,Master,Yes,Yes,88.72
STU_0623,86.6,22.5,66.1,59.6,64.3,3,Associate,Yes,Yes,76.62
STU_0624,97.9,18.3,66.9,72.8,65.7,4,,Yes,No,72.48
STU_0625,98.0,13.6,91.2,65.3,61.6,3,Master,No,No,70.05
STU_0626,84.6,13.0,45.1,79.0,39.2,4,Bachelor,No,Yes,55.51
STU_0627,79.0,10.9,81.6,86.6,60.4,3,Master,Yes,No,71.0
STU_0628,60.0,14.3,66.4,78.2,59.3,4,High School,Yes,Yes,62.06
STU_0629,81.8,9.8,63.9,64.1,43.2,3,High School,Yes,No,55.36
STU_0630,72.5,6.4,60.3,90.6,51.4,2,High School,Yes,Yes,56.29
STU_0631,95.8,12.5,70.2,91.1,56.8,3,High School,Yes,Yes,62.14
STU_0632,68.2,14.9,67.4,52.2,60.2,3,Bachelor,Yes,No,65.3
STU_0633,74.4,20.4,62.2,80.3,66.3,4,High School,No,No,67.77
STU_0634,94.3,8.2,58.2,92.6,54.1,3,Bachelor,Yes,Yes,74.49
STU_0635,59.0,13.1,41.3,72.2,34.4,4,,Yes,No,52.65
STU_0636,87.2,16.6,57.9,77.7,56.9,3,Associate,Yes,Yes,70.87
STU_0637,74.8,16.5,60.8,79.8,62.2,4,Doctorate,Yes,No,72.7
STU_0638,87.2,26.9,70.1,72.0,75.5,2,High School,Yes,Yes,67.71
STU_0639,93.7,,95.5,81.3,86.5,5,Associate,Yes,No,85.98
STU_0640,77.0,7.8,59.4,82.9,61.1,4,Associate,Yes,Yes,65.78
STU_0641,70.3,13.5,53.7,96.6,58.7,4,High School,Yes,Yes,68.68
STU_0642,55.2,11.3,58.0,81.8,54.0,3,Associate,Yes,No,60.36
STU_0643,89.3,10.3,70.1,96.2,60.1,3,Associate,Yes,No,69.15
STU_0644,65.0,9.6,76.2,65.9,69.5,2,Bachelor,Yes,No,74.91
STU_0645,95.7,14.9,78.2,80.2,69.9,3,Bachelor,Yes,Yes,81.89
STU_0646,74.0,8.9,79.6,76.5,68.7,2,Bachelor,Yes,Yes,71.67
STU_0647,85.3,18.3,81.6,85.6,70.5,3,High School,No,Yes,73.85
STU_0648,52.9,17.9,64.1,68.7,53.3,3,Bachelor,Yes,Yes,62.42
STU_0649,79.0,15.6,96.7,94.4,79.9,3,High School,Yes,No,79.52
STU_0650,89.7,7.3,63.0,82.8,54.2,3,Bachelor,Yes,Yes,56.88
STU_0651,73.1,14.6,69.5,66.7,62.3,4,Bachelor,Yes,No,64.35
STU_0652,71.2,21.0,86.1,59.9,68.7,2,High School,No,No,63.4
STU_0653,74.1,18.9,75.9,57.5,65.8,4,Bachelor,Yes,Yes,74.74
STU_0654,73.5,17.7,36.6,55.9,50.0,2,Master,Yes,No,49.6
STU_0655,82.3,13.0,68.1,62.3,48.4,1,Bachelor,Yes,No,59.05
STU_0656,79.2,12.7,80.1,89.1,57.5,2,Associate,Yes,No,65.34
STU_0657,41.6,22.7,49.2,62.7,62.0,4,Bachelor,Yes,Yes,62.05
STU_0658,87.6,14.8,78.5,81.3,60.4,3,Master,Yes,No,76.55
STU_0659,79.0,14.9,73.5,59.2,59.8,4,Associate,Yes,Yes,65.73
STU_0660,83.6,38.0,84.6,71.2,89.4,3,Master,No,Yes,85.17
STU_0661,75.6,10.9,58.3,72.5,53.4,1,High School,Yes,No,53.55
STU_0662,90.4,3.3,81.9,70.2,60.8,4,High School,Yes,No,65.5
STU_0663,53.3,11.7,70.2,73.8,61.5,2,Bachelor,No,Yes,58.65
STU_0664,94.9,12.1,92.7,78.6,89.8,4,Bachelor,Yes,No,91.6
STU_0665,85.6,14.7,99.0,77.2,90.2,2,Bachelor,Yes,No,79.28
STU_0666,69.8,16.4,89.5,86.8,73.2,3,Master,Yes,Yes,87.15
STU_0667,73.6,3.7,74.7,61.8,62.2,4,High School,Yes,No,56.62
STU_0668,82.6,16.5,99.0,82.8,84.9,5,High School,Yes,No,87.9
STU_0669,89.2,12.5,76.4,82.1,66.5,3,Master,Yes,No,73.15
STU_0670,80.1,11.2,55.3,79.3,48.2,4,High School,Yes,Yes,56.64
STU_0671,94.1,4.8,67.5,59.9,55.0,2,,Yes,Yes,70.21
STU_0672,80.4,25.0,78.7,88.5,75.6,4,Bachelor,Yes,No,81.99
STU_0673,80.0,10.2,79.6,62.9,60.8,3,High School,Yes,Yes,66.58
STU_0674,56.3,17.8,52.2,93.1,54.4,2,Associate,Yes,Yes,58.93
STU_0675,93.9,8.2,52.7,77.0,55.8,3,Bachelor,Yes,No,61.76
STU_0676,84.9,15.0,63.2,77.6,55.5,2,Master,Yes,Yes,67.97
STU_0677,79.2,11.2,75.5,63.7,57.1,3,Bachelor,Yes,No,52.22
STU_0678,72.6,17.5,77.3,92.7,77.2,2,Bachelor,Yes,No,67.19
STU_0679,58.7,,70.0,64.9,57.9,3,Associate,Yes,No,62.17
STU_0680,88.7,8.0,56.3,90.4,53.6,5,,Yes,No,71.06
STU_0681,82.0,12.7,92.3,61.0,77.5,1,High School,Yes,Yes,78.7
STU_0682,68.0,12.4,53.0,82.7,61.7,3,Associate,Yes,Yes,58.49
STU_0683,74.7,14.5,86.2,81.2,60.4,3,High School,Yes,No,70.0
STU_0684,72.9,20.1,78.3,67.0,68.9,5,High School,Yes,Yes,63.6
STU_0685,84.0,7.0,85.9,36.3,50.6,3,Associate,Yes,No,60.75
STU_0686,87.8,19.6,61.8,57.3,56.0,3,Associate,No,No,65.72
STU_0687,72.6,6.4,66.0,65.9,53.7,3,High School,No,Yes,54.82
STU_0688,77.4,17.2,68.8,95.4,66.1,3,Bachelor,Yes,No,71.33
STU_0689,93.8,17.5,61.3,82.4,55.6,1,Bachelor,Yes,Yes,68.7
STU_0690,74.0,9.9,71.2,71.5,53.5,3,High School,Yes,Yes,67.87
STU_0691,58.6,8.4,90.1,90.9,77.6,1,Master,Yes,No,71.47
STU_0692,72.9,8.2,49.8,82.8,58.6,3,High School,Yes,No,58.44
STU_0693,58.0,13.3,58.8,69.5,42.6,3,Master,No,Yes,61.67
STU_0694,93.9,18.0,57.3,69.8,55.4,3,High School,No,Yes,61.14
STU_0695,63.7,11.9,66.7,71.7,63.2,2,Master,No,Yes,54.56
STU_0696,96.9,,66.1,82.0,54.6,5,High School,Yes,Yes,72.74
STU_0697,55.9,,78.8,46.1,52.2,4,Bachelor,Yes,Yes,66.09
STU_0698,81.8,9.4,68.5,88.4,58.7,2,Associate,Yes,Yes,56.28
STU_0699,80.6,16.3,72.2,82.1,68.7,3,Bachelor,Yes,No,72.66
STU_0700,85.5,,73.6,75.4,64.7,3,Associate,Yes,No,71.25
STU_0701,82.0,13.9,71.4,71.0,62.3,2,High School,Yes,Yes,72.51
STU_0702,76.3,19.6,77.8,72.6,70.1,3,Bachelor,Yes,Yes,75.26
STU_0703,74.9,20.3,66.3,71.1,60.9,2,High School,Yes,No,65.6
STU_0704,88.5,9.9,91.0,65.7,74.6,5,Master,Yes,No,81.33
STU_0705,85.6,8.1,99.0,52.6,67.4,4,High School,Yes,No,69.86
STU_0706,75.2,12.3,77.9,91.3,63.2,3,Associate,Yes,Yes,76.72
STU_0707,91.6,13.8,71.2,81.9,78.0,3,Bachelor,Yes,Yes,74.22
STU_0708,81.1,9.6,76.7,81.0,64.2,5,,Yes,No,69.21
STU_0709,75.1,38.0,52.6,87.3,55.8,5,High School,Yes,No,72.17
STU_0710,90.7,24.3,70.5,70.2,76.3,5,,Yes,Yes,76.06
STU_0711,86.8,9.2,57.8,76.0,60.6,2,Bachelor,Yes,No,72.51
STU_0712,78.1,7.2,75.1,58.9,60.6,2,Master,Yes,Yes,66.77
STU_0713,61.4,8.8,57.8,61.7,53.7,3,Associate,Yes,Yes,60.64
STU_0714,85.2,20.5,63.2,78.3,76.9,3,Associate,Yes,No,69.8
STU_0715,53.4,20.7,41.8,85.4,47.9,1,Associate,No,Yes,53.82
STU_0716,71.1,24.4,51.6,61.5,57.5,1,High School,Yes,No,62.89
STU_0717,79.4,7.9,73.0,99.2,77.0,4,Bachelor,Yes,Yes,80.57
STU_0718,86.9,16.3,55.8,95.3,73.6,4,Associate,Yes,Yes,82.8
STU_0719,78.7,8.3,82.9,68.0,62.5,3,Associate,Yes,Yes,66.14
STU_0720,96.4,26.9,54.6,85.8,76.9,4,Associate,Yes,Yes,78.81
STU_0721,59.1,8.1,74.3,78.3,66.7,3,Bachelor,No,Yes,58.86
STU_0722,63.2,6.3,57.3,63.8,57.4,4,Master,Yes,No,60.25
STU_0723,72.9,6.9,73.4,65.8,62.7,3,Bachelor,No,No,64.27
STU_0724,75.2,12.8,46.5,82.9,52.4,2,Associate,Yes,Yes,61.84
STU_0725,79.0,17.9,61.7,83.0,75.6,3,Bachelor,Yes,Yes,81.63
STU_0726,98.7,17.3,56.2,66.3,52.4,3,Bachelor,Yes,No,69.6
STU_0727,72.8,7.1,80.4,78.0,75.9,3,High School,Yes,Yes,69.79
STU_0728,52.7,10.5,74.5,92.4,78.7,2,High School,Yes,Yes,62.03
STU_0729,78.3,9.8,50.7,74.4,57.4,5,High School,Yes,Yes,66.05
STU_0730,70.3,6.6,65.2,77.8,55.3,2,Associate,Yes,No,58.59
STU_0731,93.5,9.7,57.2,71.2,53.5,2,Master,Yes,Yes,69.92
STU_0732,75.6,23.9,81.3,86.5,70.1,3,Associate,Yes,No,74.52
STU_0733,64.6,6.1,85.8,69.3,62.3,3,Associate,Yes,Yes,71.27
STU_0734,61.9,14.3,47.8,43.0,48.0,3,Master,Yes,Yes,58.12
STU_0735,80.0,24.2,79.6,94.1,70.0,4,Master,Yes,Yes,87.4
STU_0736,76.1,,56.5,62.9,57.4,3,Bachelor,Yes,No,68.28
STU_0737,77.7,27.5,64.5,52.0,75.6,3,High School,No,No,62.89
STU_0738,66.0,15.0,68.5,81.2,62.9,4,High School,Yes,Yes,65.02
STU_0739,83.1,16.1,93.4,56.3,79.4,1,High School,Yes,Yes,68.57
STU_0740,93.0,9.8,53.9,92.2,57.9,3,High School,Yes,No,65.0
STU_0741,50.5,6.0,79.7,71.8,60.3,4,Associate,No,No,51.12
STU_0742,62.8,11.9,51.6,92.5,53.8,1,Bachelor,Yes,Yes,60.5
STU_0743,74.1,21.7,50.6,51.9,53.5,3,High School,Yes,No,42.69
STU_0744,92.1,3.0,68.4,73.2,41.9,5,High School,Yes,Yes,65.35
STU_0745,94.5,10.0,68.3,87.0,67.2,3,High School,Yes,Yes,65.81
STU_0746,66.5,16.8,30.0,78.9,42.6,3,Bachelor,Yes,Yes,50.55
STU_0747,95.6,,84.2,56.9,72.1,5,Bachelor,Yes,No,84.49
STU_0748,95.6,23.0,38.1,81.6,54.7,2,Bachelor,Yes,Yes,68.33
STU_0749,86.8,20.6,66.0,89.7,66.8,1,High School,Yes,No,73.28
STU_0750,78.2,5.6,86.6,60.9,64.7,4,Associate,Yes,No,63.96
STU_0751,77.3,13.4,98.9,72.0,78.8,4,High School,No,No,77.77
STU_0752,76.1,8.5,62.9,59.7,61.0,3,High School,Yes,Yes,60.46
STU_0753,63.9,8.5,47.9,83.8,49.1,3,Master,Yes,Yes,59.57
STU_0754,67.5,5.8,86.1,82.0,69.3,4,Doctorate,Yes,No,80.51
STU_0755,68.7,14.5,80.1,78.8,61.8,4,Bachelor,Yes,No,65.77
STU_0756,68.2,23.2,61.2,81.4,64.9,3,Master,Yes,No,75.49
STU_0757,55.7,15.2,59.4,72.2,65.8,1,Bachelor,No,Yes,59.83
STU_0758,94.9,5.6,58.0,68.2,51.8,3,High School,Yes,Yes,59.82
STU_0759,74.6,12.5,63.2,82.3,53.0,4,Doctorate,Yes,No,63.13
STU_0760,61.9,16.5,72.4,66.6,58.2,4,High School,Yes,Yes,63.51
STU_0761,48.8,12.0,60.1,87.7,54.0,5,Bachelor,Yes,No,58.12
STU_0762,88.4,15.0,61.8,89.6,67.8,4,High School,Yes,Yes,77.0
STU_0763,68.7,8.9,77.0,81.8,69.8,3,Associate,Yes,Yes,69.51
STU_0764,78.5,11.3,47.2,76.9,28.0,3,Bachelor,Yes,Yes,51.55
STU_0765,62.3,11.0,62.7,52.8,51.8,4,Associate,Yes,Yes,52.3
STU_0766,84.1,25.2,44.5,53.6,52.7,4,High School,Yes,Yes,60.89
STU_0767,80.4,7.2,69.5,77.1,52.6,3,Associate,Yes,No,68.32
STU_0768,44.6,3.3,40.8,70.6,36.4,2,Associate,Yes,Yes,43.32
STU_0769,88.1,24.5,80.5,90.4,86.5,5,Master,No,Yes,85.42
STU_0770,90.4,13.6,49.6,92.1,57.1,3,Bachelor,Yes,No,74.54
STU_0771,76.2,6.4,43.2,97.3,44.4,3,Associate,Yes,Yes,54.74
STU_0772,70.4,19.7,62.9,93.9,65.2,3,High School,No,Yes,61.08
STU_0773,89.3,17.0,92.0,49.8,70.4,3,Bachelor,Yes,No,78.58
STU_0774,81.4,27.2,78.0,65.2,75.5,2,High School,Yes,No,76.6
STU_0775,77.2,14.2,41.1,89.4,41.2,4,High School,Yes,Yes,54.58
STU_0776,71.6,36.5,49.2,59.7,59.0,3,Associate,Yes,Yes,64.88
STU_0777,79.2,12.1,62.5,71.3,62.8,2,Master,Yes,No,73.38
STU_0778,93.6,17.0,99.0,72.9,79.8,3,High School,Yes,Yes,80.11
STU_0779,83.4,18.2,54.9,66.6,50.4,4,High School,No,No,51.67
STU_0780,60.1,38.0,55.0,79.4,66.3,5,Associate,Yes,No,74.39
STU_0781,76.6,10.2,89.4,66.3,73.5,4,High School,Yes,No,76.02
STU_0782,79.1,10.0,70.7,60.7,54.5,5,Bachelor,Yes,Yes,66.74
STU_0783,77.6,18.4,82.7,47.3,70.1,2,Associate,Yes,Yes,73.39
STU_0784,73.7,6.0,57.8,75.4,47.1,1,Associate,No,No,45.64
STU_0785,75.7,8.5,66.6,84.4,52.3,3,High School,No,Yes,60.68
STU_0786,49.2,11.9,86.4,35.4,63.9,3,High School,Yes,Yes,56.47
STU_0787,80.1,26.8,66.0,66.3,66.6,4,Master,No,No,73.56
STU_0788,66.5,18.4,83.7,84.7,79.2,3,Master,Yes,Yes,83.03
STU_0789,56.8,13.4,73.4,58.8,66.3,5,High School,Yes,Yes,65.77
STU_0790,88.4,9.7,53.4,87.4,51.1,2,High School,Yes,No,54.01
STU_0791,89.6,32.0,67.8,87.8,78.0,3,High School,Yes,Yes,75.59
STU_0792,73.0,12.4,81.7,85.4,67.8,3,Bachelor,No,Yes,76.71
STU_0793,95.2,8.5,77.4,86.2,69.2,2,Bachelor,Yes,Yes,71.19
STU_0794,92.2,34.9,67.4,76.7,76.8,3,Associate,Yes,No,84.92
STU_0795,83.1,6.2,41.5,87.6,40.7,3,Bachelor,Yes,Yes,57.49
STU_0796,68.1,23.5,42.9,53.4,45.5,3,Bachelor,Yes,Yes,54.2
STU_0797,78.2,12.9,45.8,80.7,51.4,3,Master,Yes,No,59.85
STU_0798,69.4,18.4,60.9,69.2,66.4,1,High School,Yes,No,69.72
STU_0799,85.7,16.8,62.7,58.7,62.7,3,High School,Yes,Yes,82.0
STU_0800,68.1,18.3,47.3,44.7,41.3,3,High School,Yes,No,50.29
STU_0801,71.8,36.5,82.3,54.2,75.1,1,Master,Yes,Yes,78.6
STU_0802,82.7,33.8,50.3,51.4,56.0,3,Bachelor,Yes,No,61.28
STU_0803,93.9,8.8,48.8,80.5,45.2,3,Bachelor,Yes,Yes,54.7
STU_0804,61.9,16.5,69.2,75.8,53.2,3,High School,Yes,Yes,58.28
STU_0805,56.4,4.5,81.6,92.1,71.0,2,High School,Yes,No,61.81
STU_0806,74.5,19.2,96.8,76.9,78.5,3,Associate,Yes,Yes,80.18
STU_0807,81.9,21.4,76.2,87.5,76.3,4,Bachelor,Yes,Yes,84.23
STU_0808,84.8,3.3,90.1,65.7,63.0,3,High School,Yes,Yes,68.95
STU_0809,71.3,12.7,51.0,87.7,53.8,4,High School,Yes,No,63.26
STU_0810,,18.4,98.2,77.4,77.5,3,Bachelor,Yes,Yes,81.86
STU_0811,71.2,15.3,41.9,67.2,46.4,3,Associate,Yes,Yes,55.88
STU_0812,61.5,6.3,60.9,87.9,50.0,4,Associate,Yes,Yes,57.86
STU_0813,63.6,6.7,75.8,69.5,59.9,3,High School,Yes,Yes,55.85
STU_0814,79.6,11.9,45.5,86.4,58.9,4,Bachelor,Yes,Yes,56.57
STU_0815,76.5,10.2,55.0,60.3,52.1,3,Bachelor,Yes,Yes,57.6
STU_0816,88.9,10.7,52.8,95.8,57.0,3,Master,Yes,Yes,57.92
STU_0817,58.9,5.8,63.7,54.9,41.9,4,Associate,Yes,Yes,48.77
STU_0818,67.7,13.0,87.9,63.5,73.0,2,Master,Yes,No,75.13
STU_0819,79.0,26.9,68.2,67.2,72.6,3,Master,Yes,No,77.88
STU_0820,89.4,6.4,61.5,34.9,46.6,2,Bachelor,No,No,52.91
STU_0821,85.5,11.4,30.0,89.9,43.3,3,Master,Yes,Yes,64.57
STU_0822,92.8,17.4,74.5,65.3,64.6,2,Associate,Yes,No,67.67
STU_0823,64.7,5.0,79.1,43.8,59.5,3,Associate,Yes,Yes,63.75
STU_0824,92.5,13.1,44.2,54.6,52.2,4,High School,Yes,No,55.37
STU_0825,77.3,21.1,67.1,68.9,66.5,4,Bachelor,Yes,Yes,74.78
STU_0826,79.6,7.3,70.7,86.7,55.2,3,Bachelor,Yes,Yes,67.78
STU_0827,66.5,13.8,81.5,86.2,65.8,5,Bachelor,Yes,Yes,75.63
STU_0828,96.1,20.4,57.9,65.4,62.7,3,High School,Yes,Yes,67.47
STU_0829,67.4,35.6,55.7,73.6,63.0,3,Associate,Yes,No,71.71
STU_0830,73.8,13.4,61.6,88.2,61.5,4,High School,No,No,63.14
STU_0831,72.0,8.6,86.0,85.6,68.0,4,Bachelor,Yes,No,66.73
STU_0832,83.1,4.1,82.6,80.9,57.9,4,High School,Yes,No,70.39
STU_0833,60.6,8.7,67.7,81.3,64.2,2,Master,No,Yes,56.06
STU_0834,92.1,5.6,82.3,77.8,68.7,3,High School,Yes,Yes,67.34
STU_0835,76.3,28.0,34.8,78.6,45.1,4,Associate,No,No,58.35
STU_0836,96.6,19.8,79.1,90.8,77.6,3,Master,Yes,No,86.65
STU_0837,79.8,6.7,52.3,96.0,54.4,4,Associate,Yes,No,63.26
STU_0838,84.4,8.3,92.7,83.7,78.2,3,High School,Yes,Yes,77.82
STU_0839,68.8,13.3,53.1,67.3,52.4,4,Associate,Yes,No,54.24
STU_0840,91.3,21.0,56.1,79.1,69.1,3,High School,Yes,No,67.93
STU_0841,96.3,16.5,75.9,63.1,64.5,3,Doctorate,Yes,Yes,68.32
STU_0842,31.2,15.7,77.2,68.5,64.9,2,Bachelor,Yes,Yes,57.98
STU_0843,82.0,14.2,61.8,81.7,53.8,4,High School,Yes,Yes,59.4
STU_0844,75.6,6.9,73.2,80.4,55.3,4,Bachelor,Yes,No,66.39
STU_0845,68.6,13.4,74.9,93.1,62.5,1,High School,Yes,Yes,76.06
STU_0846,74.7,12.6,73.5,91.3,68.3,3,Bachelor,Yes,Yes,76.28
STU_0847,76.0,5.5,62.3,95.9,55.4,3,Master,Yes,Yes,56.27
STU_0848,72.7,27.6,75.1,69.0,75.2,2,Master,Yes,Yes,71.53
STU_0849,88.9,9.3,87.7,80.3,63.2,3,Associate,Yes,Yes,67.59
STU_0850,80.4,5.6,50.8,92.4,45.0,2,Associate,Yes,Yes,49.36
STU_0851,93.9,10.1,56.2,89.3,50.2,3,High School,No,No,57.24
STU_0852,76.9,11.2,68.4,84.4,74.9,3,Bachelor,Yes,No,72.83
STU_0853,85.7,12.4,53.2,63.4,49.1,4,Bachelor,Yes,Yes,57.63
STU_0854,62.1,11.1,42.8,84.9,47.4,4,Associate,Yes,No,54.36
STU_0855,72.7,12.7,83.3,63.7,66.4,3,Master,Yes,No,72.87
STU_0856,60.1,13.9,36.8,87.5,56.2,1,High School,Yes,Yes,56.47
STU_0857,78.1,13.5,62.4,70.6,47.6,5,High School,Yes,Yes,63.63
STU_0858,84.7,15.6,78.6,48.7,62.9,4,High School,Yes,Yes,70.9
STU_0859,74.7,,71.7,86.4,57.6,1,High School,Yes,Yes,64.7
STU_0860,60.0,16.3,62.6,59.6,42.8,4,High School,Yes,Yes,52.36
STU_0861,73.9,18.4,52.6,95.8,55.8,2,Associate,Yes,No,59.92
STU_0862,79.3,8.7,72.8,69.7,62.2,3,Associate,Yes,Yes,60.82
STU_0863,62.3,8.9,54.2,75.5,46.0,3,High School,Yes,No,59.81
STU_0864,77.4,21.1,71.7,90.3,73.8,3,Bachelor,Yes,Yes,70.94
STU_0865,60.5,10.3,70.0,63.2,58.6,4,High School,Yes,Yes,65.5
STU_0866,75.5,12.0,70.1,51.1,55.8,3,Bachelor,No,Yes,53.95
STU_0867,79.3,11.5,59.0,84.6,64.5,1,Associate,Yes,Yes,67.96
STU_0868,66.8,34.9,96.5,83.6,89.2,5,Associate,Yes,No,93.99
STU_0869,86.6,7.9,73.0,44.6,56.6,5,Master,Yes,No,73.42
STU_0870,41.5,7.8,64.1,77.6,45.1,4,High School,Yes,Yes,48.36
STU_0871,,12.8,71.7,63.0,61.0,3,Associate,Yes,No,66.89
STU_0872,74.6,11.6,57.2,79.2,53.4,2,Master,Yes,No,60.1
STU_0873,85.6,6.7,62.6,91.1,50.0,4,Bachelor,Yes,No,61.42
STU_0874,86.5,12.2,99.0,82.2,81.3,1,High School,Yes,Yes,78.09
STU_0875,84.7,12.9,57.3,89.4,53.4,1,Associate,Yes,No,65.71
STU_0876,89.4,9.7,66.9,73.2,68.2,3,Bachelor,Yes,Yes,68.62
STU_0877,57.0,11.9,61.6,57.4,38.6,2,Master,Yes,No,55.7
STU_0878,68.6,8.4,53.4,72.5,50.9,1,High School,No,Yes,45.49
STU_0879,69.2,,73.9,86.1,62.5,3,High School,Yes,Yes,59.89
STU_0880,93.8,10.3,68.5,71.8,57.1,2,Associate,Yes,Yes,65.29
STU_0881,84.4,7.3,80.8,69.3,59.9,2,High School,Yes,Yes,64.41
STU_0882,,5.9,79.3,32.5,54.4,1,High School,Yes,No,55.12
STU_0883,83.5,4.0,80.6,63.8,66.1,2,High School,Yes,Yes,59.73
STU_0884,79.7,14.4,55.1,54.8,40.7,4,High School,Yes,Yes,66.96
STU_0885,76.7,10.1,77.0,95.2,63.2,4,High School,No,No,57.18
STU_0886,56.5,21.1,77.3,93.7,68.8,3,Master,Yes,Yes,76.27
STU_0887,63.5,3.7,53.7,85.8,42.5,3,High School,Yes,Yes,51.04
STU_0888,93.6,10.5,63.5,66.3,57.1,1,High School,No,No,54.52
STU_0889,97.5,14.3,47.6,88.7,56.9,1,High School,Yes,Yes,62.48
STU_0890,75.9,9.0,77.4,90.2,72.9,2,Master,No,Yes,73.12
STU_0891,82.8,12.6,77.3,72.5,68.9,3,Bachelor,Yes,Yes,77.25
STU_0892,80.0,4.0,88.0,74.7,70.1,4,Bachelor,No,No,67.95
STU_0893,72.6,10.2,64.8,71.6,48.2,3,High School,Yes,No,59.56
STU_0894,75.0,8.0,74.3,70.8,69.2,3,Master,Yes,Yes,65.11
STU_0895,60.2,,81.8,61.0,69.2,2,Associate,Yes,Yes,68.39
STU_0896,,13.9,57.4,76.6,62.2,4,High School,Yes,Yes,69.78
STU_0897,55.0,18.7,55.3,70.2,48.5,3,,Yes,No,48.43
STU_0898,96.9,22.3,57.9,82.6,61.6,4,Master,No,Yes,73.54
STU_0899,43.5,9.7,63.1,80.3,62.8,3,Bachelor,Yes,No,59.18
STU_0900,94.9,13.6,55.8,71.4,54.1,4,Master,Yes,Yes,75.62
STU_0901,69.1,6.9,58.5,71.8,46.6,5,Master,Yes,No,62.02
STU_0902,48.3,15.4,80.3,82.9,78.7,5,High School,Yes,No,73.0
STU_0903,89.9,16.5,66.7,63.2,53.2,3,Associate,Yes,No,64.93
STU_0904,80.0,14.9,72.3,91.5,67.7,3,High School,Yes,Yes,74.15
STU_0905,80.4,9.7,60.3,84.1,60.2,3,Master,No,No,66.01
STU_0906,83.7,28.9,59.4,86.0,81.5,5,High School,Yes,Yes,74.16
STU_0907,77.9,12.9,72.0,95.9,64.5,3,Master,Yes,Yes,75.54
STU_0908,60.2,38.0,69.8,81.1,78.0,2,Associate,Yes,Yes,82.96
STU_0909,73.3,6.9,78.9,75.6,60.4,3,Associate,Yes,No,69.83
STU_0910,76.8,17.3,86.2,56.6,71.5,2,High School,Yes,No,70.13
STU_0911,52.7,20.4,58.3,81.2,65.3,3,Associate,Yes,Yes,66.31
STU_0912,84.6,7.0,80.1,87.9,72.8,3,Master,Yes,No,79.67
STU_0913,73.3,11.2,52.9,77.7,56.5,3,High School,Yes,Yes,54.76
STU_0914,43.2,5.6,97.0,75.6,69.2,1,Associate,Yes,No,65.38
STU_0915,79.7,22.7,57.0,67.6,64.7,5,High School,Yes,No,60.05
STU_0916,73.8,12.2,77.7,94.7,70.3,4,Associate,Yes,No,76.95
STU_0917,60.7,8.0,52.8,85.9,56.0,4,High School,Yes,Yes,56.43
STU_0918,67.8,20.5,65.9,78.4,70.2,3,High School,Yes,No,67.64
STU_0919,56.2,12.7,89.6,59.8,79.4,4,Master,Yes,No,72.08
STU_0920,65.6,19.1,56.6,90.4,59.6,3,Associate,Yes,No,64.6
STU_0921,52.3,15.9,98.9,71.2,75.8,2,High School,Yes,Yes,72.45
STU_0922,73.2,7.4,67.9,57.6,56.4,2,Bachelor,Yes,No,63.92
STU_0923,69.7,,81.7,83.6,75.1,3,High School,Yes,No,75.59
STU_0924,56.5,8.1,73.6,74.3,61.0,2,High School,Yes,Yes,60.04
STU_0925,92.8,6.6,74.4,82.4,69.2,5,Bachelor,Yes,Yes,68.57
STU_0926,66.0,4.7,48.0,20.1,37.7,1,High School,Yes,Yes,47.47
STU_0927,94.8,31.7,61.4,51.6,63.7,3,Bachelor,No,No,64.17
STU_0928,69.5,14.7,84.7,77.9,75.2,3,,Yes,Yes,72.3
STU_0929,90.2,15.8,63.2,57.3,54.0,3,Bachelor,Yes,Yes,65.11
STU_0930,88.7,21.6,69.9,58.3,65.7,3,Master,No,No,70.57
STU_0931,,9.5,46.3,59.4,37.2,2,High School,Yes,Yes,47.14
STU_0932,85.2,5.8,60.5,77.3,52.1,4,Associate,Yes,Yes,57.35
STU_0933,72.8,18.3,83.7,69.7,78.0,3,Associate,No,Yes,71.8
STU_0934,88.5,6.4,50.0,67.5,49.8,3,High School,No,No,48.88
STU_0935,92.5,18.1,78.0,70.1,72.6,4,Bachelor,Yes,No,84.6
STU_0936,77.7,5.3,70.5,62.1,56.4,4,Bachelor,Yes,Yes,62.55
STU_0937,76.1,6.1,64.7,98.0,60.2,4,Associate,Yes,No,61.27
STU_0938,61.8,9.0,64.1,70.1,47.6,3,Bachelor,No,Yes,62.62
STU_0939,90.4,17.8,61.1,82.8,60.6,3,High School,No,No,66.14
STU_0940,41.5,27.0,62.4,73.2,67.8,3,Bachelor,Yes,Yes,79.69
STU_0941,74.3,15.8,81.0,89.0,66.0,4,Bachelor,Yes,Yes,67.29
STU_0942,63.6,9.2,62.0,93.9,48.4,4,Bachelor,Yes,Yes,63.79
STU_0943,81.7,20.0,93.3,86.7,88.6,2,High School,Yes,Yes,84.48
STU_0944,,5.2,72.2,38.4,51.1,3,Bachelor,Yes,Yes,59.52
STU_0945,62.9,7.6,59.9,92.6,57.7,4,Associate,Yes,No,60.02
STU_0946,74.6,13.4,81.6,75.4,72.1,3,Bachelor,Yes,No,79.0
STU_0947,,18.6,76.7,60.9,60.7,3,Associate,Yes,Yes,71.0
STU_0948,86.7,11.5,44.8,88.6,47.5,3,Associate,Yes,Yes,53.22
STU_0949,84.4,10.8,53.5,73.3,60.2,3,Bachelor,Yes,Yes,61.66
STU_0950,92.7,11.2,66.4,84.5,57.9,5,Master,Yes,Yes,69.27
STU_0951,70.3,21.5,45.8,65.8,50.9,3,High School,Yes,No,57.24
STU_0952,79.5,8.4,97.3,83.2,71.7,2,Master,Yes,Yes,82.17
STU_0953,82.3,7.3,79.5,62.2,56.5,2,Associate,No,No,58.05
STU_0954,61.8,11.1,67.8,77.3,66.7,1,Bachelor,Yes,Yes,63.21
STU_0955,94.9,23.0,63.2,60.4,47.1,3,Master,Yes,Yes,66.33
STU_0956,80.1,8.9,59.6,90.3,54.0,3,Associate,Yes,Yes,67.29
STU_0957,88.4,11.2,40.5,95.2,50.0,2,Master,No,Yes,64.8
STU_0958,81.0,5.1,43.7,82.0,54.0,4,High School,Yes,Yes,57.86
STU_0959,39.7,11.4,94.6,56.0,63.9,4,High School,Yes,No,69.96
STU_0960,92.2,14.4,90.0,84.5,68.0,2,Bachelor,Yes,Yes,76.06
STU_0961,68.7,6.4,59.9,77.6,47.5,3,Master,Yes,Yes,54.46
STU_0962,93.8,21.6,80.7,61.3,75.1,5,Master,No,No,82.81
STU_0963,79.9,14.3,75.1,66.9,64.8,3,Bachelor,Yes,Yes,70.97
STU_0964,91.4,9.7,76.7,47.9,49.5,4,Bachelor,Yes,No,63.65
STU_0965,98.4,14.3,48.0,91.5,54.7,3,Associate,Yes,Yes,67.44
STU_0966,70.8,16.3,42.7,66.0,56.7,4,Doctorate,Yes,Yes,57.5
STU_0967,78.5,4.3,84.6,87.2,68.4,4,Associate,Yes,No,63.42
STU_0968,81.0,14.6,40.3,95.6,51.9,3,Bachelor,No,No,58.74
STU_0969,80.6,22.6,65.9,91.4,70.7,4,Bachelor,No,Yes,75.83
STU_0970,59.0,8.3,62.9,65.3,55.6,5,Bachelor,Yes,Yes,68.48
STU_0971,83.3,9.8,61.6,72.6,47.2,3,Associate,Yes,No,64.56
STU_0972,79.6,10.6,72.4,66.2,58.6,2,Doctorate,Yes,Yes,71.74
STU_0973,82.6,18.7,58.5,88.5,61.1,3,Bachelor,Yes,No,75.73
STU_0974,93.1,7.0,73.5,88.6,59.8,4,Master,Yes,No,75.55
STU_0975,76.9,15.9,70.0,62.7,65.6,3,High School,Yes,No,64.56
STU_0976,67.9,10.7,97.4,92.5,75.3,2,,Yes,No,80.11
STU_0977,99.1,27.6,48.6,62.3,55.2,1,Bachelor,Yes,No,71.52
STU_0978,48.3,11.1,68.4,84.9,54.3,4,Bachelor,Yes,No,61.77
STU_0979,90.3,3.0,74.0,46.1,54.2,2,Master,Yes,No,57.83
STU_0980,82.2,17.4,64.4,79.9,68.5,3,High School,Yes,No,60.93
STU_0981,92.4,15.5,49.3,57.7,46.7,4,High School,Yes,Yes,64.55
STU_0982,91.3,14.0,85.6,59.6,73.1,3,Associate,No,Yes,74.02
STU_0983,63.6,22.3,72.7,84.9,70.8,2,High School,Yes,No,71.79
STU_0984,83.8,4.7,50.3,49.8,25.6,2,Doctorate,No,No,50.73
STU_0985,72.1,7.7,74.1,83.6,62.2,2,High School,Yes,Yes,59.97
STU_0986,50.5,12.5,91.8,35.9,64.8,2,Associate,Yes,Yes,54.59
STU_0987,64.5,13.6,67.5,62.2,59.1,3,High School,Yes,No,62.8
STU_0988,82.2,11.6,68.0,79.6,62.5,3,Bachelor,No,No,70.3
STU_0989,89.4,5.2,90.0,87.9,66.4,2,Associate,Yes,Yes,74.57
STU_0990,84.5,9.8,54.4,64.1,58.0,1,High School,No,No,46.79
STU_0991,67.7,26.7,92.2,55.9,79.1,2,,Yes,No,77.7
STU_0992,59.7,6.8,81.6,72.8,62.7,5,Associate,Yes,No,61.07
STU_0993,65.4,12.4,55.1,86.5,60.2,3,Doctorate,Yes,No,58.78
STU_0994,88.3,15.9,58.6,73.0,57.4,4,High School,Yes,Yes,66.66
STU_0995,96.0,18.5,60.7,74.4,75.8,4,Bachelor,No,No,73.61
STU_0996,93.3,17.4,42.3,94.6,52.4,3,Doctorate,Yes,Yes,69.23
STU_0997,89.6,9.4,71.6,69.5,61.6,4,Bachelor,Yes,No,72.21
STU_0998,79.2,7.7,55.7,77.4,46.7,2,Doctorate,Yes,Yes,58.3
STU_0999,97.4,27.8,72.2,73.0,77.8,4,Doctorate,Yes,Yes,87.4
STU_1000,57.2,19.3,49.9,86.5,59.3,3,Associate,Yes,Yes,60.13
